PRAGMA foreign_keys=on;

INSERT INTO Turma('Id', 'ano', 'número')
      VALUES(1, 12, 1);

INSERT INTO Turma('Id', 'ano', 'número')
      VALUES(2, 12, 2);

INSERT INTO Turma('Id', 'ano', 'número')
      VALUES(3, 11, 1);



INSERT INTO Bloco( 'número', 'andar')
      VALUES(1, 0);

INSERT INTO Bloco('número', 'andar')
      VALUES(2, 0);




INSERT INTO Estudante('NIF','nomeCompleto','Género','dataNascimento','númeroEstudante','interno','turma')
      VALUES(153944593,'Melissa Silva','Feminino','2001-10-30',201905076,0,1);

INSERT INTO Estudante('NIF','nomeCompleto','Género','dataNascimento','númeroEstudante','interno','turma')
      VALUES(456789034,'Patricia Carvalho','Feminino','2001-02-14',201902147,0,1);

INSERT INTO Estudante('NIF','nomeCompleto','Género','dataNascimento','númeroEstudante','interno','turma')
      VALUES(231456098,'Cláudia Beatriz Vinhal','Feminino','2001-05-09',201905093,0,1);

INSERT INTO Estudante('NIF','nomeCompleto','Género','dataNascimento','númeroEstudante','interno','turma')
      VALUES(708902134,'Cassandra Bernardo','Feminino','2001-06-28',201906283,0,1);

INSERT INTO Estudante('NIF','nomeCompleto','Género','dataNascimento','númeroEstudante','interno','turma')
      VALUES(342134567,'Francisca Gabriela Oliveira','Feminino','2001-12-10',201910123,0,1);

INSERT INTO Estudante('NIF','nomeCompleto','Género','dataNascimento','númeroEstudante','interno','turma')
      VALUES(678549032,'Ana Magui Silva','Feminino','2001-08-13',201913087,0,1);

INSERT INTO Estudante('NIF','nomeCompleto','Género','dataNascimento','númeroEstudante','interno','turma')
      VALUES(890678094,'Maria Pinheiro','Feminino','2001-04-12',201905075,0,1);

INSERT INTO Estudante('NIF','nomeCompleto','Género','dataNascimento','númeroEstudante','interno','turma')
      VALUES(567890342,'Francisca Ferreira','Feminino','2001-03-25',202025037,0,1);

INSERT INTO Estudante('NIF','nomeCompleto','Género','dataNascimento','númeroEstudante','interno','turma')
      VALUES(650923768,'Steven Grant Rogers','Masculino','2000-07-04',201804078,1,1);

INSERT INTO Estudante('NIF','nomeCompleto','Género','dataNascimento','númeroEstudante','interno','turma')
      VALUES(908900007,'Clark Joseph Kent','Masculino','2000-02-29',202029023,0,1);

INSERT INTO Estudante('NIF','nomeCompleto','Género','dataNascimento','númeroEstudante','interno','turma')
      VALUES(167890765,'Diana Prince','Feminino','2000-06-12',201812068,1,1);

INSERT INTO Estudante('NIF','nomeCompleto','Género','dataNascimento','númeroEstudante','interno','turma')
      VALUES(276543987,'Harold Jordan','Masculino','2000-03-20',201820034,1,1);

INSERT INTO Estudante('NIF','nomeCompleto','Género','dataNascimento','númeroEstudante','interno','turma')
      VALUES(342567890,'James Howlett','Masculino','2000-08-17',202017089,0,1);

INSERT INTO Estudante('NIF','nomeCompleto','Género','dataNascimento','númeroEstudante','interno','turma')
      VALUES(789432567,'Jean Grey','Feminino','2001-09-30',201930099,0,1);

INSERT INTO Estudante('NIF','nomeCompleto','Género','dataNascimento','númeroEstudante','interno','turma')
      VALUES(812345432,'Emma Swan-Charming','Feminino','2001-09-23',201823098,0,1);

INSERT INTO Estudante('NIF','nomeCompleto','Género','dataNascimento','númeroEstudante','interno','turma')
      VALUES(609123564,'Killian Jones','Não-Binário','2002-10-31',202031109,1,3);

INSERT INTO Estudante('NIF','nomeCompleto','Género','dataNascimento','númeroEstudante','interno','turma')
      VALUES(812654098,'Dinah Laurel Lance','Feminino','2001-10-20',201720108,1,3);

INSERT INTO Estudante('NIF','nomeCompleto','Género','dataNascimento','númeroEstudante','interno','turma')
      VALUES(548906543,'Bartholomew Henry Allen','Masculino','2002-07-25',201925078,1,3);

INSERT INTO Estudante('NIF','nomeCompleto','Género','dataNascimento','númeroEstudante','interno','turma')
      VALUES(435678908,'Bruce Thomas Wayne','Masculino','2002-02-19',201919024,0,3);

INSERT INTO Estudante('NIF','nomeCompleto','Género','dataNascimento','númeroEstudante','interno','turma')
      VALUES(190876543,'Scott Summers','Masculino','2001-04-06',201706043,1,3);

INSERT INTO Estudante('NIF','nomeCompleto','Género','dataNascimento','númeroEstudante','interno','turma')
      VALUES(432765987,'Pamella Isley','Não-Binário','2001-05-23',201923056,1,3);

INSERT INTO Estudante('NIF','nomeCompleto','Género','dataNascimento','númeroEstudante','interno','turma')
      VALUES(218790543,'Harleen Quinzel','Feminino','2002-10-04',202004105,0,3);

INSERT INTO Estudante('NIF','nomeCompleto','Género','dataNascimento','númeroEstudante','interno','turma')
      VALUES(650982134,'Tommy Merlyn','Masculino','2001-11-30',201830112,0,3);

INSERT INTO Estudante('NIF','nomeCompleto','Género','dataNascimento','númeroEstudante','interno','turma')
      VALUES(390678543,'Barbara Lee Kean-Gordon','Feminino','2003-11-08',202008114,0,3);

INSERT INTO Estudante('NIF','nomeCompleto','Género','dataNascimento','númeroEstudante','interno','turma')
      VALUES(509876543,'Katherina Pryde','Feminino','2002-12-05',201905123,0,3);

INSERT INTO Estudante('NIF','nomeCompleto','Género','dataNascimento','númeroEstudante','interno','turma')
      VALUES(309654123,'Anthony Edward Stark','Masculino','2001-05-29',201829056,0,3);

INSERT INTO Estudante('NIF','nomeCompleto','Género','dataNascimento','númeroEstudante','interno','turma')
      VALUES(490876543,'Vision Edwin Stark','Não-Binário','2002-06-09',201909065,0,3);

INSERT INTO Estudante('NIF','nomeCompleto','Género','dataNascimento','númeroEstudante','interno','turma')
      VALUES(609876123,'Wanda Lehnsherr-Maximoff','Feminino','2001-11-02',201902114,1,3);

INSERT INTO Estudante('NIF','nomeCompleto','Género','dataNascimento','númeroEstudante','interno','turma')
      VALUES(432789654,'Kamala Khan','Feminino','2003-04-08',202008045,0,3);

INSERT INTO Estudante('NIF','nomeCompleto','Género','dataNascimento','númeroEstudante','interno','turma')
      VALUES(309876123,'Miles Morales','Masculino','2003-09-07',202007098,0,3);

INSERT INTO Estudante('NIF','nomeCompleto','Género','dataNascimento','númeroEstudante','interno','turma')
      VALUES(231234589, 'Mateus Silva','Masculino','2001-03-18',201906232,0,2);

INSERT INTO Estudante('NIF','nomeCompleto','Género','dataNascimento','númeroEstudante','interno','turma')
      VALUES(543123456,'Henrique Nunes','Masculino','2001-02-08',201906852,0,2);

INSERT INTO Estudante('NIF','nomeCompleto','Género','dataNascimento','númeroEstudante','interno','turma')
      VALUES(123456789, 'Akihito Hideyoshi', 'Masculino','1999-08-22',201705012, 1, 2);

INSERT INTO Estudante('NIF','nomeCompleto','Género','dataNascimento','númeroEstudante','interno','turma')
      VALUES(254318321, 'Hiroyuki Chiziwa', 'Masculino','1999-04-22',201303137, 1, 2);

INSERT INTO Estudante('NIF','nomeCompleto','Género','dataNascimento','númeroEstudante','interno','turma')
      VALUES(234567891, 'Ashiro Miyazawa', 'Feminino','1999-05-13',201705049, 1, 2);

INSERT INTO Estudante('NIF','nomeCompleto','Género','dataNascimento','númeroEstudante','interno','turma')
      VALUES(375683921, 'Shizuko Konishi', 'Feminino','1999-07-19',201341930, 1, 2);

INSERT INTO Estudante('NIF','nomeCompleto','Género','dataNascimento','númeroEstudante','interno','turma')
      VALUES(857418923, 'Inoguchi Tadamasa', 'Masculino','1999-06-07',201322364, 1, 2);

INSERT INTO Estudante('NIF','nomeCompleto','Género','dataNascimento','númeroEstudante','interno','turma')
      VALUES(657483910, 'Kotori Tonokura', 'Feminino','1999-02-23',201323541, 1, 2);

INSERT INTO Estudante('NIF','nomeCompleto','Género','dataNascimento','númeroEstudante','interno','turma')
      VALUES(345678912, 'Shigeru Hayata', 'Masculino','1999-11-03',201374561, 1, 2);

INSERT INTO Estudante('NIF','nomeCompleto','Género','dataNascimento','númeroEstudante','interno','turma')
      VALUES(456789123, 'Mitsui Yasunobu', 'Masculino','1999-08-07',201320159, 1, 2);

INSERT INTO Estudante('NIF','nomeCompleto','Género','dataNascimento','númeroEstudante','interno','turma')
      VALUES(567892145, 'Keisuke Nomoto', 'Masculino','1999-09-12',201321049, 1, 2);

INSERT INTO Estudante('NIF','nomeCompleto','Género','dataNascimento','númeroEstudante','interno','turma')
      VALUES(567891234, 'Tomoiki Aoike', 'Masculino','1999-01-11',201330140, 1, 2);

INSERT INTO Estudante('NIF','nomeCompleto','Género','dataNascimento','númeroEstudante','interno','turma')
      VALUES(652148975, 'Noriko Ikeda', 'Não-Binário','1999-05-10',201432140, 0, 2);

INSERT INTO Estudante('NIF','nomeCompleto','Género','dataNascimento','númeroEstudante','interno','turma')
      VALUES(354894616, 'Mako Sarusawa', 'Feminino','1999-03-14',201430200, 0, 2);

INSERT INTO Estudante('NIF','nomeCompleto','Género','dataNascimento','númeroEstudante','interno','turma')
      VALUES(354894716, 'Kichise Haruko', 'Masculino','1999-09-11',201430000, 1, 2);



INSERT INTO Docente('NIF', 'nomeCompleto', 'Género', 'dataNascimento',  'avaliaçãoPedagógica', 'avaliaçãoEstudantes')
      VALUES(302184576, 'Shionoya Yamazaki', 'Feminino', '1974-03-14', 9.5, 9.3);

INSERT INTO Docente('NIF', 'nomeCompleto', 'Género', 'dataNascimento', 'avaliaçãoPedagógica', 'avaliaçãoEstudantes')
      VALUES(123428472, 'Aono Kazue', 'Feminino', '1974-01-01', 9, 8.7);

INSERT INTO Docente('NIF', 'nomeCompleto', 'Género', 'dataNascimento', 'avaliaçãoPedagógica', 'avaliaçãoEstudantes')
      VALUES(354879152, 'Hasumi Genjiro', 'Masculino', '1974-01-01',  9.3, 6.4);

INSERT INTO Docente('NIF', 'nomeCompleto', 'Género', 'dataNascimento', 'avaliaçãoPedagógica', 'avaliaçãoEstudantes')
      VALUES(352179766, 'Kazato Yoshihisa', 'Masculino', '1974-11-30', 8.5, 9);

INSERT INTO Docente('NIF', 'nomeCompleto', 'Género', 'dataNascimento', 'avaliaçãoPedagógica', 'avaliaçãoEstudantes')
      VALUES(666548791, 'Sakiyama Yoshihisa', 'Feminino', '1974-11-30', 8.4, 8.3);

INSERT INTO Docente('NIF', 'nomeCompleto', 'Género', 'dataNascimento', 'avaliaçãoPedagógica', 'avaliaçãoEstudantes')
      VALUES(732154893, 'Arisawa Yamazaki', 'Feminino', '1950-01-13', 6.3, 5.1);

INSERT INTO Docente('NIF', 'nomeCompleto', 'Género', 'dataNascimento',  'avaliaçãoPedagógica', 'avaliaçãoEstudantes')
      VALUES(398451237, 'Teshigahara Yamazaki', 'Masculino', '1945-07-12',  10, 10);

INSERT INTO Docente('NIF', 'nomeCompleto', 'Género', 'dataNascimento',  'avaliaçãoPedagógica', 'avaliaçãoEstudantes')
      VALUES(194325657,'Carter Hall','Masculino','1980-11-24',7,9);

INSERT INTO Docente('NIF', 'nomeCompleto', 'Género', 'dataNascimento', 'avaliaçãoPedagógica', 'avaliaçãoEstudantes')
      VALUES(619432765,'Erik Lehnsherr','Masculino','1978-12-24',7,6);

INSERT INTO Docente('NIF', 'nomeCompleto', 'Género', 'dataNascimento',  'avaliaçãoPedagógica', 'avaliaçãoEstudantes')
      VALUES(709324564,'Charles Xavier','Masculino','1980-01-26',9,8.5);

INSERT INTO Docente('NIF', 'nomeCompleto', 'Género', 'dataNascimento',  'avaliaçãoPedagógica', 'avaliaçãoEstudantes')
      VALUES(409876123,'Shayera Hall','Feminino','1981-01-03',8,10);

INSERT INTO Docente('NIF', 'nomeCompleto', 'Género', 'dataNascimento',  'avaliaçãoPedagógica', 'avaliaçãoEstudantes')
      VALUES(426314762, 'Mimiko Chiziwa', 'Feminino', '1963-11-26', 7.9, 9.4);

INSERT INTO Docente('NIF', 'nomeCompleto', 'Género', 'dataNascimento', 'avaliaçãoPedagógica', 'avaliaçãoEstudantes')
      VALUES(912532654,'Jefferson Pierce','Masculino','1980-12-17',9,9);



INSERT INTO NãoDocente('NIF', 'nomeCompleto', 'Género', 'dataNascimento', 'dataContratação', 'tipo', 'turno')
      VALUES(222215489, 'Fukutomi Asami', 'Feminino', '1981-02-28', '2017-09-19', 'Administrativo', NULL);

INSERT INTO NãoDocente('NIF', 'nomeCompleto', 'Género', 'dataNascimento', 'dataContratação', 'tipo', 'turno')
      VALUES(302184976, 'Kadonaga Takehiro', 'Feminino', '1979-07-12', '2010-08-10', 'Administrativo', NULL);

INSERT INTO NãoDocente('NIF', 'nomeCompleto', 'Género', 'dataNascimento', 'dataContratação', 'tipo', 'turno')
      VALUES(222514979, 'Wada Kenjiro', 'Masculino', '1975-02-01', '2010-09-01', 'Auxiliar de Limpeza', 1);

INSERT INTO NãoDocente('NIF', 'nomeCompleto', 'Género', 'dataNascimento', 'dataContratação', 'tipo', 'turno')
      VALUES(125514979, 'Scott Wozniak', 'Masculino', '1988-02-01', '2011-02-03', 'Auxiliar de Limpeza', 2);

INSERT INTO NãoDocente('NIF', 'nomeCompleto', 'Género', 'dataNascimento', 'dataContratação', 'tipo', 'turno')
      VALUES(698542979, 'Jacob Rabon', 'Masculino', '1990-12-20', '2007-04-09', 'Auxiliar de Limpeza', 1);

INSERT INTO NãoDocente('NIF', 'nomeCompleto', 'Género', 'dataNascimento', 'dataContratação', 'tipo', 'turno')
      VALUES(188714979, 'Olivia Coleman', 'Feminino', '1988-02-01', '2011-02-03', 'Auxiliar de Limpeza', 2);

INSERT INTO NãoDocente('NIF', 'nomeCompleto', 'Género', 'dataNascimento', 'dataContratação', 'tipo', 'turno')
      VALUES(322612979, 'John Smith', 'Masculino', '1990-08-20', '2007-04-09', 'Auxiliar de Limpeza', 1);

INSERT INTO NãoDocente('NIF', 'nomeCompleto', 'Género', 'dataNascimento', 'dataContratação', 'tipo', 'turno')
      VALUES(200154979, 'Olivia Thorne', 'Feminino', '1988-02-01', '2011-02-03', 'Auxiliar de Limpeza', 2);

INSERT INTO NãoDocente('NIF', 'nomeCompleto', 'Género', 'dataNascimento', 'dataContratação', 'tipo', 'turno')
      VALUES(403221158, 'Louise Baker', 'Feminino', '1987-01-05', '2009-06-09', 'Auxiliar de Limpeza', 1);

INSERT INTO NãoDocente('NIF', 'nomeCompleto', 'Género', 'dataNascimento', 'dataContratação', 'tipo', 'turno')
      VALUES(900190818, 'Sheldon Mcbride', 'Masculino', '1962-06-27', '2005-12-16', 'Auxiliar de Limpeza', 2);

INSERT INTO NãoDocente('NIF', 'nomeCompleto', 'Género', 'dataNascimento', 'dataContratação', 'tipo', 'turno')
      VALUES(327494173, 'Glenda Broadhurst', 'Feminino', '1970-07-23', '2010-06-09', 'Auxiliar de Limpeza', 1);

INSERT INTO NãoDocente('NIF', 'nomeCompleto', 'Género', 'dataNascimento', 'dataContratação', 'tipo', 'turno')
      VALUES(416981866 , 'Jamaal Reynolds', 'Masculino', '1987-01-08', '2011-12-16', 'Auxiliar de Limpeza', 2);

INSERT INTO NãoDocente('NIF', 'nomeCompleto', 'Género', 'dataNascimento', 'dataContratação', 'tipo', 'turno')
      VALUES(256208528, 'Delores Huffman', 'Feminino', '1966-01-24', '2009-01-02', 'Auxiliar de Limpeza', 1);

INSERT INTO NãoDocente('NIF', 'nomeCompleto', 'Género', 'dataNascimento', 'dataContratação', 'tipo', 'turno')
      VALUES(744367968, 'Imaad Metcalfe', 'Feminino', '1979-07-30', '2009-02-01', 'Auxiliar de Limpeza', 2);

INSERT INTO NãoDocente('NIF', 'nomeCompleto', 'Género', 'dataNascimento', 'dataContratação', 'tipo', 'turno')
      VALUES(898868859, 'Gruffydd Fowler', 'Masculino', '1979-11-22', '2007-08-03', 'Auxiliar de Limpeza', 1);

INSERT INTO NãoDocente('NIF', 'nomeCompleto', 'Género', 'dataNascimento', 'dataContratação', 'tipo', 'turno')
      VALUES(795155122, 'William Hogg', 'Masculino', '1982-12-08', '2007-03-04', 'Auxiliar de Limpeza', 2);

INSERT INTO NãoDocente('NIF', 'nomeCompleto', 'Género', 'dataNascimento', 'dataContratação', 'tipo', 'turno')
      VALUES(898068859, 'Damian Myers', 'Masculino', '1980-02-22', '2005-08-03', 'Auxiliar de Limpeza', 1);

INSERT INTO NãoDocente('NIF', 'nomeCompleto', 'Género', 'dataNascimento', 'dataContratação', 'tipo', 'turno')
      VALUES(795987452, 'Theodore Grant', 'Masculino', '1991-01-03', '2003-03-01', 'Auxiliar de Limpeza', 2);

INSERT INTO NãoDocente('NIF', 'nomeCompleto', 'Género', 'dataNascimento', 'dataContratação', 'tipo', 'turno')
      VALUES(536161789, 'Korban Potter', 'Masculino', '1997-09-07', '2002-08-03', 'Auxiliar de Limpeza', 1);

INSERT INTO NãoDocente('NIF', 'nomeCompleto', 'Género', 'dataNascimento', 'dataContratação', 'tipo', 'turno')
      VALUES(391282906, 'Indiana O´Brien', 'Masculino', '1996-01-01', '2006-03-04', 'Auxiliar de Limpeza', 2);

INSERT INTO NãoDocente('NIF', 'nomeCompleto', 'Género', 'dataNascimento', 'dataContratação', 'tipo', 'turno')
      VALUES(601088954, 'Miranda Singh', 'Feminino', '1989-11-22', '2007-08-03', 'Auxiliar de Limpeza', 1);

INSERT INTO NãoDocente('NIF', 'nomeCompleto', 'Género', 'dataNascimento', 'dataContratação', 'tipo', 'turno')
      VALUES(722909105, 'Emillie Wood', 'Feminino', '1982-12-08', '2004-11-11', 'Auxiliar de Limpeza', 2);

INSERT INTO NãoDocente('NIF', 'nomeCompleto', 'Género', 'dataNascimento', 'dataContratação', 'tipo', 'turno')
      VALUES(398271998, 'Humzah Lutz', 'Não-Binário', '1962-02-23', '2001-09-09', 'Auxiliar de Limpeza', 1);

INSERT INTO NãoDocente('NIF', 'nomeCompleto', 'Género', 'dataNascimento', 'dataContratação', 'tipo', 'turno')
      VALUES(749881260, 'Anastazja Delaney', 'Feminino', '1976-12-08', '2001-09-09', 'Auxiliar de Limpeza', 2);

INSERT INTO NãoDocente('NIF', 'nomeCompleto', 'Género', 'dataNascimento', 'dataContratação', 'tipo', 'turno')
      VALUES(924355817, 'Cleo Clarke', 'Feminino', '1977-11-22', '2001-09-09', 'Auxiliar de Limpeza', 1);

INSERT INTO NãoDocente('NIF', 'nomeCompleto', 'Género', 'dataNascimento', 'dataContratação', 'tipo', 'turno')
      VALUES(685138475, 'Millicent Sutton', 'Masculino', '1978-01-05', '2007-03-04', 'Auxiliar de Limpeza', 2);

INSERT INTO NãoDocente('NIF', 'nomeCompleto', 'Género', 'dataNascimento', 'dataContratação', 'tipo', 'turno')
      VALUES(527066566, 'Mary Marquez', 'Feminino', '1978-05-03', '2007-08-03', 'Auxiliar de Limpeza', 1);

INSERT INTO NãoDocente('NIF', 'nomeCompleto', 'Género', 'dataNascimento', 'dataContratação', 'tipo', 'turno')
      VALUES(401546730, 'Anderson Carty', 'Não-Binário', '1988-01-03', '2006-03-04', 'Auxiliar de Limpeza', 2);

INSERT INTO NãoDocente('NIF', 'nomeCompleto', 'Género', 'dataNascimento', 'dataContratação', 'tipo', 'turno')
      VALUES(646317269, 'Darrell Hilton', 'Masculino', '1989-11-22', '2007-08-03', 'Auxiliar de Limpeza', 1);

INSERT INTO NãoDocente('NIF', 'nomeCompleto', 'Género', 'dataNascimento', 'dataContratação', 'tipo', 'turno')
      VALUES(291956505, 'Roy Harper', 'Não-Binário', '1982-12-08', '2007-03-04', 'Auxiliar de Limpeza', 2);

INSERT INTO NãoDocente('NIF', 'nomeCompleto', 'Género', 'dataNascimento', 'dataContratação', 'tipo', 'turno')
      VALUES(672454316, 'Abel Daly', 'Masculino', '1968-11-11', '2002-08-03', 'Auxiliar de Limpeza', 1);

INSERT INTO NãoDocente('NIF', 'nomeCompleto', 'Género', 'dataNascimento', 'dataContratação', 'tipo', 'turno')
      VALUES(964245377, 'Kya Terry', 'Não-Binário', '1988-01-08', '2004-03-04', 'Auxiliar de Limpeza',2);

INSERT INTO NãoDocente('NIF', 'nomeCompleto', 'Género', 'dataNascimento', 'dataContratação', 'tipo', 'turno')
      VALUES(946910265, 'Nellie Benjamin', 'Feminino', '1992-05-23', '2011-09-03', 'Auxiliar de Limpeza', 1);

INSERT INTO NãoDocente('NIF', 'nomeCompleto', 'Género', 'dataNascimento', 'dataContratação', 'tipo', 'turno')
      VALUES(262526458, 'Fredrick Rivas', 'Masculino', '1992-12-08', '2015-08-04', 'Auxiliar de Limpeza', 2);

INSERT INTO NãoDocente('NIF', 'nomeCompleto', 'Género', 'dataNascimento', 'dataContratação', 'tipo', 'turno')
      VALUES(670307409, 'Cecily Proctor', 'Não-Binário', '1972-05-02', '2016-08-03', 'Auxiliar de Limpeza',1);

INSERT INTO NãoDocente('NIF', 'nomeCompleto', 'Género', 'dataNascimento', 'dataContratação', 'tipo', 'turno')
      VALUES(986263272, 'Manuel Mccray', 'Masculino', '1992-01-08', '2015-03-04', 'Auxiliar de Limpeza', 2);

INSERT INTO NãoDocente('NIF', 'nomeCompleto', 'Género', 'dataNascimento', 'dataContratação', 'tipo', 'turno')
      VALUES(629648260, 'Arnav Dejesus', 'Masculino', '1991-12-31', '2014-08-03', 'Auxiliar de Limpeza', 1);

INSERT INTO NãoDocente('NIF', 'nomeCompleto', 'Género', 'dataNascimento', 'dataContratação', 'tipo', 'turno')
      VALUES(148343673, 'Madelyn Moody', 'Não-Binário', '1998-11-25', '2013-03-04', 'Auxiliar de Limpeza',2);

INSERT INTO NãoDocente('NIF', 'nomeCompleto', 'Género', 'dataNascimento', 'dataContratação', 'tipo', 'turno')
      VALUES(463253899, 'Torin Randall', 'Feminino', '1996-11-14', '2012-08-03', 'Auxiliar de Limpeza', 1);

INSERT INTO NãoDocente('NIF', 'nomeCompleto', 'Género', 'dataNascimento', 'dataContratação', 'tipo', 'turno')
      VALUES(394968136, 'Antoinette Marquez', 'Feminino', '1984-06-12', '2011-02-01', 'Auxiliar de Limpeza', 2);

INSERT INTO NãoDocente('NIF', 'nomeCompleto', 'Género', 'dataNascimento', 'dataContratação', 'tipo', 'turno')
      VALUES(467788791, 'Arai Chiyako', 'Feminino', '1982-12-04', '2010-09-01', 'Auxiliar de Limpeza', 1);

INSERT INTO NãoDocente('NIF', 'nomeCompleto', 'Género', 'dataNascimento', 'dataContratação', 'tipo', 'turno')
      VALUES(872350765,'Michael Carter','Não-Binário','1990-05-01','2018-09-03','Auxiliar de Limpeza',2);

INSERT INTO NãoDocente('NIF', 'nomeCompleto', 'Género', 'dataNascimento', 'dataContratação', 'tipo', 'turno')
      VALUES(333625481, 'Yamashina Konishi', 'Feminino', '1968-07-01', '2011-11-01', 'Auxiliar de Gestão', 1);

INSERT INTO NãoDocente('NIF', 'nomeCompleto', 'Género', 'dataNascimento', 'dataContratação', 'tipo', 'turno')
      VALUES(302051698, 'Matsuki Rieko', 'Feminino', '1984-0118', '2014-11-01', 'Auxiliar de Gestão', 1);



INSERT INTO Clube('título', 'diaSemana', 'docente','responsável')
      VALUES('Clube do Sobrenatural e Inexplicável', 'Quarta',398451237, 153944593);

INSERT INTO Clube('título', 'diaSemana', 'docente', 'responsável')
     VALUES('Clube de Teatro', 'Quinta', 123428472, 345678912);

INSERT INTO NãoResponsávelClube('clube', 'estudante')
      VALUES ('Clube do Sobrenatural e Inexplicável', 153944593);

INSERT INTO NãoResponsávelClube('clube', 'estudante')
      VALUES ('Clube do Sobrenatural e Inexplicável', 123456789);
      
INSERT INTO NãoResponsávelClube('clube', 'estudante')
      VALUES ('Clube do Sobrenatural e Inexplicável', 254318321);

INSERT INTO NãoResponsávelClube('clube', 'estudante')
      VALUES ('Clube do Sobrenatural e Inexplicável', 234567891);

INSERT INTO NãoResponsávelClube('clube', 'estudante')
      VALUES ('Clube do Sobrenatural e Inexplicável', 375683921);

INSERT INTO NãoResponsávelClube('clube', 'estudante')
      VALUES ('Clube do Sobrenatural e Inexplicável', 657483910);

INSERT INTO NãoResponsávelClube('clube', 'estudante')
      VALUES ('Clube do Sobrenatural e Inexplicável', 345678912);

INSERT INTO NãoResponsávelClube('clube', 'estudante')
      VALUES ('Clube do Sobrenatural e Inexplicável', 567891234);

INSERT INTO NãoResponsávelClube('clube', 'estudante')
      VALUES ('Clube do Sobrenatural e Inexplicável', 652148975);

INSERT INTO NãoResponsávelClube('clube', 'estudante')
      VALUES ('Clube do Sobrenatural e Inexplicável', 354894616);

INSERT INTO NãoResponsávelClube('clube', 'estudante')
      VALUES ('Clube de Teatro', 354894616);

INSERT INTO NãoResponsávelClube('clube', 'estudante')
      VALUES ('Clube de Teatro', 657483910);

INSERT INTO NãoResponsávelClube('clube', 'estudante')
      VALUES ('Clube de Teatro', 153944593);



INSERT INTO Quarto('código', 'bloco_n','bloco_a' ,'turnoDia', 'turnoNoite', 'estudante')
     VALUES('010', 1,0, 222514979, 125514979, 650923768);

INSERT INTO Quarto('código', 'bloco_n','bloco_a' , 'turnoDia', 'turnoNoite', 'estudante')
     VALUES('011',1,0,698542979,188714979,167890765);

INSERT INTO Quarto('código', 'bloco_n','bloco_a' , 'turnoDia', 'turnoNoite', 'estudante')
     VALUES('012',1,0,322612979,200154979,276543987);

INSERT INTO Quarto('código', 'bloco_n','bloco_a' , 'turnoDia', 'turnoNoite', 'estudante')
     VALUES('013',1,0,403221158,900190818,609123564);

INSERT INTO Quarto('código','bloco_n','bloco_a', 'turnoDia', 'turnoNoite', 'estudante')
     VALUES('014',1,0,327494173,416981866,190876543);

INSERT INTO Quarto('código', 'bloco_n','bloco_a' , 'turnoDia', 'turnoNoite', 'estudante')
     VALUES('015',1,0,256208528,744367968,432765987);

INSERT INTO Quarto('código', 'bloco_n','bloco_a' , 'turnoDia', 'turnoNoite', 'estudante')
     VALUES('016',1,0,898868859,795155122,567892145);

INSERT INTO Quarto('código', 'bloco_n','bloco_a' , 'turnoDia', 'turnoNoite', 'estudante')
     VALUES('017',1,0,898068859,795987452,609876123);

INSERT INTO Quarto('código', 'bloco_n','bloco_a' , 'turnoDia', 'turnoNoite', 'estudante')
     VALUES('018',1,0,536161789,391282906,123456789);

INSERT INTO Quarto('código','bloco_n','bloco_a' , 'turnoDia', 'turnoNoite', 'estudante')
     VALUES('019',1,0,601088954,722909105,254318321);

INSERT INTO Quarto('código', 'bloco_n','bloco_a' , 'turnoDia', 'turnoNoite', 'estudante')
     VALUES('020',2,0,398271998,749881260,234567891);

INSERT INTO Quarto('código', 'bloco_n','bloco_a' , 'turnoDia', 'turnoNoite', 'estudante')
     VALUES('021',2,0,924355817,685138475,375683921);

INSERT INTO Quarto('código', 'bloco_n','bloco_a' , 'turnoDia', 'turnoNoite', 'estudante')
     VALUES('022',2,0,527066566,401546730,857418923);

INSERT INTO Quarto('código','bloco_n','bloco_a' , 'turnoDia', 'turnoNoite', 'estudante')
     VALUES('023',2,0,646317269,291956505,657483910);

INSERT INTO Quarto('código', 'bloco_n','bloco_a' , 'turnoDia', 'turnoNoite', 'estudante')
     VALUES('024',2,0,672454316,964245377,345678912);

INSERT INTO Quarto('código', 'bloco_n','bloco_a' , 'turnoDia', 'turnoNoite', 'estudante')
     VALUES('025',2,0,946910265,262526458,456789123);

INSERT INTO Quarto('código', 'bloco_n','bloco_a' , 'turnoDia', 'turnoNoite', 'estudante')
     VALUES('026',2,0,670307409,986263272,567891234);

INSERT INTO Quarto('código', 'bloco_n','bloco_a' , 'turnoDia', 'turnoNoite', 'estudante')
     VALUES('027',2,0,629648260,148343673,354894716);

INSERT INTO Quarto('código', 'bloco_n','bloco_a' , 'turnoDia', 'turnoNoite', 'estudante')
     VALUES('028',2,0,463253899,394968136,812654098);

INSERT INTO Quarto('código', 'bloco_n','bloco_a' , 'turnoDia', 'turnoNoite', 'estudante')
     VALUES('029',2,0,467788791,872350765,548906543);


INSERT INTO Disciplina('ID','Nome')
      VALUES(1,'Matemática 12');

INSERT INTO Disciplina('ID','Nome')
      VALUES(2,'Matemática 11');

INSERT INTO Disciplina('ID','Nome')
      VALUES(3,'Aplicações Informáticas');

INSERT INTO Disciplina('ID','Nome')
      VALUES(4, 'Física 12');   

INSERT INTO Disciplina('ID','Nome')
      VALUES(5, 'Física e Química 11');

INSERT INTO Disciplina('ID','Nome')
      VALUES(6, 'Português 12');

INSERT INTO Disciplina('ID','Nome')
      VALUES(7, 'Biologia 12');

INSERT INTO Disciplina('ID','Nome')
      VALUES(8,'Educação Física 12');

INSERT INTO Disciplina('ID','Nome')
      VALUES(9,'Português 11');

INSERT INTO Disciplina('ID','Nome')
      VALUES(10,'Biologia e Geologia 11');

INSERT INTO Disciplina('ID','Nome')
      VALUES(11,'Inglês 11');

INSERT INTO Disciplina('ID','Nome')
      VALUES(12,'Filosofia 11');

INSERT INTO Disciplina('ID','Nome')
      VALUES(13,'Educação Física 11');

INSERT INTO Disciplina('ID','Nome')
      VALUES(14,'Desenho A');



INSERT INTO DisciplinaTurma('disciplina','turma')
      VALUES(1,1);

INSERT INTO DisciplinaTurma('disciplina','turma')
      VALUES(3,1);

INSERT INTO DisciplinaTurma('disciplina','turma')
      VALUES(7,1);

INSERT INTO DisciplinaTurma('disciplina','turma')
      VALUES(6,1);

INSERT INTO DisciplinaTurma('disciplina','turma')
      VALUES(8,1);

INSERT INTO DisciplinaTurma('disciplina','turma')
      VALUES(14,1);

INSERT INTO DisciplinaTurma('disciplina','turma')
      VALUES(1,2);

INSERT INTO DisciplinaTurma('disciplina','turma')
      VALUES(3,2);

INSERT INTO DisciplinaTurma('disciplina','turma')
      VALUES(4,2);

INSERT INTO DisciplinaTurma('disciplina','turma')
      VALUES(6,2);

INSERT INTO DisciplinaTurma('disciplina','turma')
      VALUES(8,2);

INSERT INTO DisciplinaTurma('disciplina','turma')
      VALUES(14,2);

INSERT INTO DisciplinaTurma('disciplina','turma')
      VALUES(2,3);

INSERT INTO DisciplinaTurma('disciplina','turma')
      VALUES(5,3);

INSERT INTO DisciplinaTurma('disciplina','turma')
      VALUES(9,3);

INSERT INTO DisciplinaTurma('disciplina','turma')
      VALUES(10,3);

INSERT INTO DisciplinaTurma('disciplina','turma')
      VALUES(11,3);

INSERT INTO DisciplinaTurma('disciplina','turma')
      VALUES(12,3);

INSERT INTO DisciplinaTurma('disciplina','turma')
      VALUES(13,3);

INSERT INTO DocenteTurma('docente','turma')
      VALUES(302184576,2);

INSERT INTO DocenteTurma('docente','turma')
      VALUES(302184576,3);

INSERT INTO DocenteTurma('docente','turma')
      VALUES(123428472,3);

INSERT INTO DocenteTurma('docente','turma')
      VALUES(354879152,1);

INSERT INTO DocenteTurma('docente','turma')
      VALUES(354879152,2);

INSERT INTO DocenteTurma('docente','turma')
      VALUES(354879152,3);

INSERT INTO DocenteTurma('docente','turma')
      VALUES(352179766,1);

INSERT INTO DocenteTurma('docente','turma')
      VALUES(352179766,2);

INSERT INTO DocenteTurma('docente','turma')
      VALUES(666548791,1);

INSERT INTO DocenteTurma('docente','turma')
      VALUES(666548791,2);

INSERT INTO DocenteTurma('docente','turma')
      VALUES(666548791,3);

INSERT INTO DocenteTurma('docente','turma')
      VALUES(398451237,1);

INSERT INTO DocenteTurma('docente','turma')
      VALUES(398451237,2);

INSERT INTO DocenteTurma('docente','turma')
      VALUES(426314762,1);

INSERT INTO DocenteTurma('docente','turma')
      VALUES(426314762,2);

INSERT INTO DocenteTurma('docente','turma')
      VALUES(409876123,1);

INSERT INTO DocenteTurma('docente','turma')
      VALUES(409876123,3);

INSERT INTO DocenteTurma('docente','turma')
      VALUES(194325657,1);

INSERT INTO DocenteTurma('docente','turma')
      VALUES(732154893,3);

INSERT INTO DocenteTurma('docente','turma')
      VALUES(619432765,3);

INSERT INTO DocenteTurma('docente','turma')
      VALUES(709324564,3);

INSERT INTO DocenteTurma('docente','turma')
      VALUES(912532654,1);

INSERT INTO DocenteTurma('docente','turma')
      VALUES(912532654,2);

INSERT INTO DocenteTurma('docente','turma')
      VALUES(912532654,3);



INSERT INTO DisciplinaDocente('disciplina','docente')
      VALUES(4,302184576);

INSERT INTO DisciplinaDocente('disciplina','docente')
      VALUES(5,302184576);

INSERT INTO DisciplinaDocente('disciplina','docente')
      VALUES(5,123428472);

INSERT INTO DisciplinaDocente('disciplina','docente')
      VALUES(6,354879152);

INSERT INTO DisciplinaDocente('disciplina','docente')
      VALUES(9,354879152);

INSERT INTO DisciplinaDocente('disciplina','docente')
      VALUES(3,352179766);

INSERT INTO DisciplinaDocente('disciplina','docente')
      VALUES(8,666548791);

INSERT INTO DisciplinaDocente('disciplina','docente')
      VALUES(13,666548791);

INSERT INTO DisciplinaDocente('disciplina','docente')
      VALUES(14,398451237);

INSERT INTO DisciplinaDocente('disciplina','docente')
      VALUES(14,426314762);

INSERT INTO DisciplinaDocente('disciplina','docente')
      VALUES(7,409876123);

INSERT INTO DisciplinaDocente('disciplina','docente')
      VALUES(10,409876123);

INSERT INTO DisciplinaDocente('disciplina','docente')
      VALUES(7,194325657);

INSERT INTO DisciplinaDocente('disciplina','docente')
      VALUES(10,732154893);

INSERT INTO DisciplinaDocente('disciplina','docente')
      VALUES(11,619432765);

INSERT INTO DisciplinaDocente('disciplina','docente')
      VALUES(12,709324564);

INSERT INTO DisciplinaDocente('disciplina','docente')
      VALUES(1,912532654);

INSERT INTO DisciplinaDocente('disciplina','docente')
      VALUES(2,912532654);



INSERT INTO Avaliação('ID','nota','anoLetivo','aluno','disciplina')
      VALUES(1,19, '2020/2021',153944593,1);

INSERT INTO Avaliação('ID','nota','anoLetivo','aluno','disciplina')
      VALUES(2,9, '2020/2021',456789123,1);

INSERT INTO Avaliação('ID','nota','anoLetivo','aluno','disciplina')
      VALUES(3,18, '2020/2021',375683921,4);

INSERT INTO Avaliação('ID','nota','anoLetivo','aluno','disciplina')
      VALUES(4,8, '2020/2021',309654123,3);