PRAGMA foreign_keys=on;

INSERT INTO Turma('Id', 'ano', 'número')
      VALUES(1, 12, 1);

INSERT INTO Turma('Id', 'ano', 'número')
      VALUES(2, 12, 2);

INSERT INTO Turma('Id', 'ano', 'número')
      VALUES(3, 11, 1);



INSERT INTO Bloco( 'número', 'andar')
      VALUES(1, 0);

INSERT INTO Bloco('número', 'andar')
      VALUES(2, 0);




INSERT INTO Estudante('NIF','nomeCompleto','Género','dataNascimento','númeroEstudante','interno','turma')
      VALUES(153944593,'Melissa Silva','Feminino','2001-10-30',201905076,0,1);

INSERT INTO Estudante('NIF','nomeCompleto','Género','dataNascimento','númeroEstudante','interno','turma')
      VALUES(456789034,'Patricia Carvalho','Feminino','2001-02-14',201902147,0,1);

INSERT INTO Estudante('NIF','nomeCompleto','Género','dataNascimento','númeroEstudante','interno','turma')
      VALUES(231456098,'Cláudia Beatriz Vinhal','Feminino','2001-05-09',201905093,0,1);

INSERT INTO Estudante('NIF','nomeCompleto','Género','dataNascimento','númeroEstudante','interno','turma')
      VALUES(708902134,'Cassandra Bernardo','Feminino','2001-06-28',201906283,0,1);

INSERT INTO Estudante('NIF','nomeCompleto','Género','dataNascimento','númeroEstudante','interno','turma')
      VALUES(342134567,'Francisca Gabriela Oliveira','Feminino','2001-12-10',201910123,0,1);

INSERT INTO Estudante('NIF','nomeCompleto','Género','dataNascimento','númeroEstudante','interno','turma')
      VALUES(678549032,'Ana Magui Silva','Feminino','2001-08-13',201913087,0,1);

INSERT INTO Estudante('NIF','nomeCompleto','Género','dataNascimento','númeroEstudante','interno','turma')
      VALUES(890678094,'Maria Pinheiro','Feminino','2001-04-12',201905075,0,1);

INSERT INTO Estudante('NIF','nomeCompleto','Género','dataNascimento','númeroEstudante','interno','turma')
      VALUES(567890342,'Francisca Ferreira','Feminino','2001-03-25',202025037,0,1);

INSERT INTO Estudante('NIF','nomeCompleto','Género','dataNascimento','númeroEstudante','interno','turma')
      VALUES(650923768,'Steven Grant Rogers','Masculino','2000-07-04',201804078,1,1);

INSERT INTO Estudante('NIF','nomeCompleto','Género','dataNascimento','númeroEstudante','interno','turma')
      VALUES(908900007,'Clark Joseph Kent','Masculino','2000-02-29',202029023,0,1);

INSERT INTO Estudante('NIF','nomeCompleto','Género','dataNascimento','númeroEstudante','interno','turma')
      VALUES(167890765,'Diana Prince','Feminino','2000-06-12',201812068,1,1);

INSERT INTO Estudante('NIF','nomeCompleto','Género','dataNascimento','númeroEstudante','interno','turma')
      VALUES(276543987,'Harold Jordan','Masculino','2000-03-20',201820034,1,1);

INSERT INTO Estudante('NIF','nomeCompleto','Género','dataNascimento','númeroEstudante','interno','turma')
      VALUES(342567890,'James Howlett','Masculino','2000-08-17',202017089,0,1);

INSERT INTO Estudante('NIF','nomeCompleto','Género','dataNascimento','númeroEstudante','interno','turma')
      VALUES(789432567,'Jean Grey','Feminino','2001-09-30',201930099,0,1);

INSERT INTO Estudante('NIF','nomeCompleto','Género','dataNascimento','númeroEstudante','interno','turma')
      VALUES(812345432,'Emma Swan-Charming','Feminino','2001-09-23',201823098,0,1);

INSERT INTO Estudante('NIF','nomeCompleto','Género','dataNascimento','númeroEstudante','interno','turma')
      VALUES(609123564,'Killian Jones','Não-Binário','2002-10-31',202031109,1,3);

INSERT INTO Estudante('NIF','nomeCompleto','Género','dataNascimento','númeroEstudante','interno','turma')
      VALUES(812654098,'Dinah Laurel Lance','Feminino','2001-10-20',201720108,1,3);

INSERT INTO Estudante('NIF','nomeCompleto','Género','dataNascimento','númeroEstudante','interno','turma')
      VALUES(548906543,'Bartholomew Henry Allen','Masculino','2002-07-25',201925078,1,3);

INSERT INTO Estudante('NIF','nomeCompleto','Género','dataNascimento','númeroEstudante','interno','turma')
      VALUES(435678908,'Bruce Thomas Wayne','Masculino','2002-02-19',201919024,0,3);

INSERT INTO Estudante('NIF','nomeCompleto','Género','dataNascimento','númeroEstudante','interno','turma')
      VALUES(190876543,'Scott Summers','Masculino','2004-04-06',201706043,1,3);

INSERT INTO Estudante('NIF','nomeCompleto','Género','dataNascimento','númeroEstudante','interno','turma')
      VALUES(432765987,'Pamella Isley','Não-Binário','2001-05-23',201923056,1,3);

INSERT INTO Estudante('NIF','nomeCompleto','Género','dataNascimento','númeroEstudante','interno','turma')
      VALUES(218790543,'Harleen Quinzel','Feminino','2002-10-04',202004105,0,3);

INSERT INTO Estudante('NIF','nomeCompleto','Género','dataNascimento','númeroEstudante','interno','turma')
      VALUES(650982134,'Tommy Merlyn','Masculino','2001-11-30',201830112,0,3);

INSERT INTO Estudante('NIF','nomeCompleto','Género','dataNascimento','númeroEstudante','interno','turma')
      VALUES(390678543,'Barbara Lee Kean-Gordon','Feminino','2003-11-08',202008114,0,3);

INSERT INTO Estudante('NIF','nomeCompleto','Género','dataNascimento','númeroEstudante','interno','turma')
      VALUES(509876543,'Katherina Pryde','Feminino','2002-12-05',201905123,0,3);

INSERT INTO Estudante('NIF','nomeCompleto','Género','dataNascimento','númeroEstudante','interno','turma')
      VALUES(309654123,'Anthony Edward Stark','Masculino','2001-05-29',201829056,0,3);

INSERT INTO Estudante('NIF','nomeCompleto','Género','dataNascimento','númeroEstudante','interno','turma')
      VALUES(490876543,'Vision Edwin Stark','Não-Binário','2003-06-09',201909065,0,3);

INSERT INTO Estudante('NIF','nomeCompleto','Género','dataNascimento','númeroEstudante','interno','turma')
      VALUES(609876123,'Wanda Lehnsherr-Maximoff','Feminino','2003-11-02',201902114,1,3);

INSERT INTO Estudante('NIF','nomeCompleto','Género','dataNascimento','númeroEstudante','interno','turma')
      VALUES(432789654,'Kamala Khan','Feminino','2003-04-08',202008045,0,3);

INSERT INTO Estudante('NIF','nomeCompleto','Género','dataNascimento','númeroEstudante','interno','turma')
      VALUES(309876123,'Miles Morales','Masculino','2003-09-07',202007098,0,3);

INSERT INTO Estudante('NIF','nomeCompleto','Género','dataNascimento','númeroEstudante','interno','turma')
      VALUES(231234589, 'Mateus Silva','Masculino','2001-03-18',201906232,1,2);

INSERT INTO Estudante('NIF','nomeCompleto','Género','dataNascimento','númeroEstudante','interno','turma')
      VALUES(543123456,'Henrique Nunes','Masculino','2001-02-08',201906852,0,2);

INSERT INTO Estudante('NIF','nomeCompleto','Género','dataNascimento','númeroEstudante','interno','turma')
      VALUES(123456789, 'Akihito Hideyoshi', 'Masculino','1999-08-22',201705012, 1, 2);

INSERT INTO Estudante('NIF','nomeCompleto','Género','dataNascimento','númeroEstudante','interno','turma')
      VALUES(254318321, 'Hiroyuki Chiziwa', 'Masculino','1999-04-22',201303137, 0, 2);

INSERT INTO Estudante('NIF','nomeCompleto','Género','dataNascimento','númeroEstudante','interno','turma')
      VALUES(234567891, 'Ashiro Miyazawa', 'Feminino','1999-05-13',201705049, 1, 2);

INSERT INTO Estudante('NIF','nomeCompleto','Género','dataNascimento','númeroEstudante','interno','turma')
      VALUES(375683921, 'Shizuko Konishi', 'Feminino','1999-07-19',201341930, 1, 2);

INSERT INTO Estudante('NIF','nomeCompleto','Género','dataNascimento','númeroEstudante','interno','turma')
      VALUES(857418923, 'Inoguchi Tadamasa', 'Masculino','1999-06-07',201322364, 1, 2);

INSERT INTO Estudante('NIF','nomeCompleto','Género','dataNascimento','númeroEstudante','interno','turma')
      VALUES(657483910, 'Kotori Tonokura', 'Feminino','1999-02-23',201323541, 1, 2);

INSERT INTO Estudante('NIF','nomeCompleto','Género','dataNascimento','númeroEstudante','interno','turma')
      VALUES(345678912, 'Shigeru Hayata', 'Masculino','1999-11-03',201374561, 1, 2);

INSERT INTO Estudante('NIF','nomeCompleto','Género','dataNascimento','númeroEstudante','interno','turma')
      VALUES(456789123, 'Mitsui Yasunobu', 'Masculino','1999-08-07',201320159, 1, 2);

INSERT INTO Estudante('NIF','nomeCompleto','Género','dataNascimento','númeroEstudante','interno','turma')
      VALUES(567892145, 'Keisuke Nomoto', 'Masculino','1999-09-12',201321049, 1, 2);

INSERT INTO Estudante('NIF','nomeCompleto','Género','dataNascimento','númeroEstudante','interno','turma')
      VALUES(567891234, 'Tomoiki Aoike', 'Masculino','1999-01-11',201330140, 1, 2);

INSERT INTO Estudante('NIF','nomeCompleto','Género','dataNascimento','númeroEstudante','interno','turma')
      VALUES(652148975, 'Noriko Ikeda', 'Não-Binário','1999-05-10',201432140, 0, 2);

INSERT INTO Estudante('NIF','nomeCompleto','Género','dataNascimento','númeroEstudante','interno','turma')
      VALUES(354894616, 'Mako Sarusawa', 'Feminino','1999-03-14',201430200, 0, 2);

INSERT INTO Estudante('NIF','nomeCompleto','Género','dataNascimento','númeroEstudante','interno','turma')
      VALUES(354894716, 'Kichise Haruko', 'Masculino','1999-09-11',201430000, 1, 2);



INSERT INTO Docente('NIF', 'nomeCompleto', 'Género', 'dataNascimento',  'avaliaçãoPedagógica', 'avaliaçãoEstudantes')
      VALUES(302184576, 'Shionoya Yamazaki', 'Feminino', '1974-03-14', 9.5, 9.3);

INSERT INTO Docente('NIF', 'nomeCompleto', 'Género', 'dataNascimento', 'avaliaçãoPedagógica', 'avaliaçãoEstudantes')
      VALUES(123428472, 'Aono Kazue', 'Feminino', '1974-01-01', 9, 8.7);

INSERT INTO Docente('NIF', 'nomeCompleto', 'Género', 'dataNascimento', 'avaliaçãoPedagógica', 'avaliaçãoEstudantes')
      VALUES(354879152, 'Hasumi Genjiro', 'Masculino', '1974-01-01',  9.3, 6.4);

INSERT INTO Docente('NIF', 'nomeCompleto', 'Género', 'dataNascimento', 'avaliaçãoPedagógica', 'avaliaçãoEstudantes')
      VALUES(352179766, 'Kazato Yoshihisa', 'Masculino', '1974-11-30', 8.5, 9);

INSERT INTO Docente('NIF', 'nomeCompleto', 'Género', 'dataNascimento', 'avaliaçãoPedagógica', 'avaliaçãoEstudantes')
      VALUES(666548791, 'Sakiyama Yoshihisa', 'Feminino', '1974-11-30', 8.4, 8.3);

INSERT INTO Docente('NIF', 'nomeCompleto', 'Género', 'dataNascimento', 'avaliaçãoPedagógica', 'avaliaçãoEstudantes')
      VALUES(732154893, 'Arisawa Yamazaki', 'Feminino', '1950-01-13', 6.3, 5.1);

INSERT INTO Docente('NIF', 'nomeCompleto', 'Género', 'dataNascimento',  'avaliaçãoPedagógica', 'avaliaçãoEstudantes')
      VALUES(398451237, 'Teshigahara Yamazaki', 'Masculino', '1945-07-12',  10, 10);

INSERT INTO Docente('NIF', 'nomeCompleto', 'Género', 'dataNascimento',  'avaliaçãoPedagógica', 'avaliaçãoEstudantes')
      VALUES(194325657,'Carter Hall','Masculino','1980-11-24',7,9);

INSERT INTO Docente('NIF', 'nomeCompleto', 'Género', 'dataNascimento', 'avaliaçãoPedagógica', 'avaliaçãoEstudantes')
      VALUES(619432765,'Erik Lehnsherr','Masculino','1978-12-24',7,6);

INSERT INTO Docente('NIF', 'nomeCompleto', 'Género', 'dataNascimento',  'avaliaçãoPedagógica', 'avaliaçãoEstudantes')
      VALUES(709324564,'Charles Xavier','Masculino','1980-01-26',9,8.5);

INSERT INTO Docente('NIF', 'nomeCompleto', 'Género', 'dataNascimento',  'avaliaçãoPedagógica', 'avaliaçãoEstudantes')
      VALUES(409876123,'Shayera Hall','Feminino','1981-01-03',8,10);

INSERT INTO Docente('NIF', 'nomeCompleto', 'Género', 'dataNascimento',  'avaliaçãoPedagógica', 'avaliaçãoEstudantes')
      VALUES(426314762, 'Mimiko Chiziwa', 'Feminino', '1963-11-26', 7.9, 9.4);

INSERT INTO Docente('NIF', 'nomeCompleto', 'Género', 'dataNascimento', 'avaliaçãoPedagógica', 'avaliaçãoEstudantes')
      VALUES(912532654,'Jefferson Pierce','Masculino','1980-12-17',9,9);

INSERT INTO Docente('NIF', 'nomeCompleto', 'Género', 'dataNascimento', 'avaliaçãoPedagógica', 'avaliaçãoEstudantes')
      VALUES(477294715,'Remy Etienne LeBeau','Masculino','1985-12-31',6,9);

INSERT INTO Docente('NIF', 'nomeCompleto', 'Género', 'dataNascimento', 'avaliaçãoPedagógica', 'avaliaçãoEstudantes')
      VALUES(620956789,'Ethan Winters','Masculino','1983-09-15',8,6);

INSERT INTO Docente('NIF', 'nomeCompleto', 'Género', 'dataNascimento', 'avaliaçãoPedagógica', 'avaliaçãoEstudantes')
      VALUES(349023123,'Monet St. Croix','Feminino','1990-07-25',9,9);


INSERT INTO NãoDocente('NIF', 'nomeCompleto', 'Género', 'dataNascimento', 'dataContratação', 'tipo', 'turno')
      VALUES(222215489, 'Fukutomi Asami', 'Feminino', '1981-02-28', '2017-09-19', 'Administrativo', NULL);

INSERT INTO NãoDocente('NIF', 'nomeCompleto', 'Género', 'dataNascimento', 'dataContratação', 'tipo', 'turno')
      VALUES(302184976, 'Kadonaga Takehiro', 'Feminino', '1979-07-12', '2010-08-10', 'Administrativo', NULL);

INSERT INTO NãoDocente('NIF', 'nomeCompleto', 'Género', 'dataNascimento', 'dataContratação', 'tipo', 'turno')
      VALUES(222514979, 'Wada Kenjiro', 'Masculino', '1975-02-01', '2010-09-01', 'Auxiliar de Limpeza', 1);

INSERT INTO NãoDocente('NIF', 'nomeCompleto', 'Género', 'dataNascimento', 'dataContratação', 'tipo', 'turno')
      VALUES(125514979, 'Scott Wozniak', 'Masculino', '1988-02-01', '2011-02-03', 'Auxiliar de Limpeza', 2);

INSERT INTO NãoDocente('NIF', 'nomeCompleto', 'Género', 'dataNascimento', 'dataContratação', 'tipo', 'turno')
      VALUES(698542979, 'Jacob Rabon', 'Masculino', '1990-12-20', '2007-04-09', 'Auxiliar de Limpeza', 1);

INSERT INTO NãoDocente('NIF', 'nomeCompleto', 'Género', 'dataNascimento', 'dataContratação', 'tipo', 'turno')
      VALUES(188714979, 'Olivia Coleman', 'Feminino', '1988-02-01', '2011-02-03', 'Auxiliar de Limpeza', 2);

INSERT INTO NãoDocente('NIF', 'nomeCompleto', 'Género', 'dataNascimento', 'dataContratação', 'tipo', 'turno')
      VALUES(322612979, 'John Smith', 'Masculino', '1990-08-20', '2007-04-09', 'Auxiliar de Limpeza', 1);

INSERT INTO NãoDocente('NIF', 'nomeCompleto', 'Género', 'dataNascimento', 'dataContratação', 'tipo', 'turno')
      VALUES(200154979, 'Olivia Thorne', 'Feminino', '1988-02-01', '2011-02-03', 'Auxiliar de Limpeza', 2);

INSERT INTO NãoDocente('NIF', 'nomeCompleto', 'Género', 'dataNascimento', 'dataContratação', 'tipo', 'turno')
      VALUES(403221158, 'Louise Baker', 'Feminino', '1987-01-05', '2009-06-09', 'Auxiliar de Limpeza', 1);

INSERT INTO NãoDocente('NIF', 'nomeCompleto', 'Género', 'dataNascimento', 'dataContratação', 'tipo', 'turno')
      VALUES(900190818, 'Sheldon Mcbride', 'Masculino', '1962-06-27', '2005-12-16', 'Auxiliar de Limpeza', 2);

INSERT INTO NãoDocente('NIF', 'nomeCompleto', 'Género', 'dataNascimento', 'dataContratação', 'tipo', 'turno')
      VALUES(327494173, 'Glenda Broadhurst', 'Feminino', '1970-07-23', '2010-06-09', 'Auxiliar de Limpeza', 1);

INSERT INTO NãoDocente('NIF', 'nomeCompleto', 'Género', 'dataNascimento', 'dataContratação', 'tipo', 'turno')
      VALUES(416981866 , 'Jamaal Reynolds', 'Masculino', '1987-01-08', '2011-12-16', 'Auxiliar de Limpeza', 2);

INSERT INTO NãoDocente('NIF', 'nomeCompleto', 'Género', 'dataNascimento', 'dataContratação', 'tipo', 'turno')
      VALUES(256208528, 'Delores Huffman', 'Feminino', '1966-01-24', '2009-01-02', 'Auxiliar de Limpeza', 1);

INSERT INTO NãoDocente('NIF', 'nomeCompleto', 'Género', 'dataNascimento', 'dataContratação', 'tipo', 'turno')
      VALUES(744367968, 'Imaad Metcalfe', 'Feminino', '1979-07-30', '2009-02-01', 'Auxiliar de Limpeza', 2);

INSERT INTO NãoDocente('NIF', 'nomeCompleto', 'Género', 'dataNascimento', 'dataContratação', 'tipo', 'turno')
      VALUES(898868859, 'Gruffydd Fowler', 'Masculino', '1979-11-22', '2007-08-03', 'Auxiliar de Limpeza', 1);

INSERT INTO NãoDocente('NIF', 'nomeCompleto', 'Género', 'dataNascimento', 'dataContratação', 'tipo', 'turno')
      VALUES(795155122, 'William Hogg', 'Masculino', '1982-12-08', '2007-03-04', 'Auxiliar de Limpeza', 2);

INSERT INTO NãoDocente('NIF', 'nomeCompleto', 'Género', 'dataNascimento', 'dataContratação', 'tipo', 'turno')
      VALUES(898068859, 'Damian Myers', 'Masculino', '1980-02-22', '2005-08-03', 'Auxiliar de Limpeza', 1);

INSERT INTO NãoDocente('NIF', 'nomeCompleto', 'Género', 'dataNascimento', 'dataContratação', 'tipo', 'turno')
      VALUES(795987452, 'Theodore Grant', 'Masculino', '1991-01-03', '2003-03-01', 'Auxiliar de Limpeza', 2);

INSERT INTO NãoDocente('NIF', 'nomeCompleto', 'Género', 'dataNascimento', 'dataContratação', 'tipo', 'turno')
      VALUES(536161789, 'Korban Potter', 'Masculino', '1997-09-07', '2002-08-03', 'Auxiliar de Limpeza', 1);

INSERT INTO NãoDocente('NIF', 'nomeCompleto', 'Género', 'dataNascimento', 'dataContratação', 'tipo', 'turno')
      VALUES(391282906, 'Indiana O´Brien', 'Masculino', '1996-01-01', '2006-03-04', 'Auxiliar de Limpeza', 2);

INSERT INTO NãoDocente('NIF', 'nomeCompleto', 'Género', 'dataNascimento', 'dataContratação', 'tipo', 'turno')
      VALUES(601088954, 'Miranda Singh', 'Feminino', '1989-11-22', '2007-08-03', 'Auxiliar de Limpeza', 1);

INSERT INTO NãoDocente('NIF', 'nomeCompleto', 'Género', 'dataNascimento', 'dataContratação', 'tipo', 'turno')
      VALUES(722909105, 'Emillie Wood', 'Feminino', '1982-12-08', '2004-11-11', 'Auxiliar de Limpeza', 2);

INSERT INTO NãoDocente('NIF', 'nomeCompleto', 'Género', 'dataNascimento', 'dataContratação', 'tipo', 'turno')
      VALUES(398271998, 'Humzah Lutz', 'Não-Binário', '1962-02-23', '2001-09-09', 'Auxiliar de Limpeza', 1);

INSERT INTO NãoDocente('NIF', 'nomeCompleto', 'Género', 'dataNascimento', 'dataContratação', 'tipo', 'turno')
      VALUES(749881260, 'Anastazja Delaney', 'Feminino', '1976-12-08', '2001-09-09', 'Auxiliar de Limpeza', 2);

INSERT INTO NãoDocente('NIF', 'nomeCompleto', 'Género', 'dataNascimento', 'dataContratação', 'tipo', 'turno')
      VALUES(924355817, 'Cleo Clarke', 'Feminino', '1977-11-22', '2001-09-09', 'Auxiliar de Limpeza', 1);

INSERT INTO NãoDocente('NIF', 'nomeCompleto', 'Género', 'dataNascimento', 'dataContratação', 'tipo', 'turno')
      VALUES(685138475, 'Millicent Sutton', 'Masculino', '1978-01-05', '2007-03-04', 'Auxiliar de Limpeza', 2);

INSERT INTO NãoDocente('NIF', 'nomeCompleto', 'Género', 'dataNascimento', 'dataContratação', 'tipo', 'turno')
      VALUES(527066566, 'Mary Marquez', 'Feminino', '1978-05-03', '2007-08-03', 'Auxiliar de Limpeza', 1);

INSERT INTO NãoDocente('NIF', 'nomeCompleto', 'Género', 'dataNascimento', 'dataContratação', 'tipo', 'turno')
      VALUES(401546730, 'Anderson Carty', 'Não-Binário', '1988-01-03', '2006-03-04', 'Auxiliar de Limpeza', 2);

INSERT INTO NãoDocente('NIF', 'nomeCompleto', 'Género', 'dataNascimento', 'dataContratação', 'tipo', 'turno')
      VALUES(646317269, 'Darrell Hilton', 'Masculino', '1989-11-22', '2007-08-03', 'Auxiliar de Limpeza', 1);

INSERT INTO NãoDocente('NIF', 'nomeCompleto', 'Género', 'dataNascimento', 'dataContratação', 'tipo', 'turno')
      VALUES(291956505, 'Roy Harper', 'Não-Binário', '1982-12-08', '2007-03-04', 'Auxiliar de Limpeza', 2);

INSERT INTO NãoDocente('NIF', 'nomeCompleto', 'Género', 'dataNascimento', 'dataContratação', 'tipo', 'turno')
      VALUES(672454316, 'Abel Daly', 'Masculino', '1968-11-11', '2002-08-03', 'Auxiliar de Limpeza', 1);

INSERT INTO NãoDocente('NIF', 'nomeCompleto', 'Género', 'dataNascimento', 'dataContratação', 'tipo', 'turno')
      VALUES(964245377, 'Kya Terry', 'Não-Binário', '1988-01-08', '2004-03-04', 'Auxiliar de Limpeza',2);

INSERT INTO NãoDocente('NIF', 'nomeCompleto', 'Género', 'dataNascimento', 'dataContratação', 'tipo', 'turno')
      VALUES(946910265, 'Nellie Benjamin', 'Feminino', '1992-05-23', '2011-09-03', 'Auxiliar de Limpeza', 1);

INSERT INTO NãoDocente('NIF', 'nomeCompleto', 'Género', 'dataNascimento', 'dataContratação', 'tipo', 'turno')
      VALUES(262526458, 'Fredrick Rivas', 'Masculino', '1992-12-08', '2015-08-04', 'Auxiliar de Limpeza', 2);

INSERT INTO NãoDocente('NIF', 'nomeCompleto', 'Género', 'dataNascimento', 'dataContratação', 'tipo', 'turno')
      VALUES(670307409, 'Cecily Proctor', 'Não-Binário', '1972-05-02', '2016-08-03', 'Auxiliar de Limpeza',1);

INSERT INTO NãoDocente('NIF', 'nomeCompleto', 'Género', 'dataNascimento', 'dataContratação', 'tipo', 'turno')
      VALUES(986263272, 'Manuel Mccray', 'Masculino', '1992-01-08', '2015-03-04', 'Auxiliar de Limpeza', 2);

INSERT INTO NãoDocente('NIF', 'nomeCompleto', 'Género', 'dataNascimento', 'dataContratação', 'tipo', 'turno')
      VALUES(629648260, 'Arnav Dejesus', 'Masculino', '1991-12-31', '2014-08-03', 'Auxiliar de Limpeza', 1);

INSERT INTO NãoDocente('NIF', 'nomeCompleto', 'Género', 'dataNascimento', 'dataContratação', 'tipo', 'turno')
      VALUES(148343673, 'Madelyn Moody', 'Não-Binário', '1998-11-25', '2013-03-04', 'Auxiliar de Limpeza',2);

INSERT INTO NãoDocente('NIF', 'nomeCompleto', 'Género', 'dataNascimento', 'dataContratação', 'tipo', 'turno')
      VALUES(463253899, 'Torin Randall', 'Feminino', '1996-11-14', '2012-08-03', 'Auxiliar de Limpeza', 1);

INSERT INTO NãoDocente('NIF', 'nomeCompleto', 'Género', 'dataNascimento', 'dataContratação', 'tipo', 'turno')
      VALUES(394968136, 'Antoinette Marquez', 'Feminino', '1984-06-12', '2011-02-01', 'Auxiliar de Limpeza', 2);

INSERT INTO NãoDocente('NIF', 'nomeCompleto', 'Género', 'dataNascimento', 'dataContratação', 'tipo', 'turno')
      VALUES(467788791, 'Arai Chiyako', 'Feminino', '1982-12-04', '2010-09-01', 'Auxiliar de Limpeza', 1);

INSERT INTO NãoDocente('NIF', 'nomeCompleto', 'Género', 'dataNascimento', 'dataContratação', 'tipo', 'turno')
      VALUES(872350765,'Michael Carter','Não-Binário','1990-05-01','2018-09-03','Auxiliar de Limpeza',2);

INSERT INTO NãoDocente('NIF', 'nomeCompleto', 'Género', 'dataNascimento', 'dataContratação', 'tipo', 'turno')
      VALUES(333625481, 'Yamashina Konishi', 'Feminino', '1968-07-01', '2011-11-01', 'Auxiliar de Gestão', 1);

INSERT INTO NãoDocente('NIF', 'nomeCompleto', 'Género', 'dataNascimento', 'dataContratação', 'tipo', 'turno')
      VALUES(302051698, 'Matsuki Rieko', 'Feminino', '1984-0118', '2014-11-01', 'Auxiliar de Gestão', 1);



INSERT INTO Clube('título', 'diaSemana', 'docente','responsável')
      VALUES('Clube do Sobrenatural e Inexplicável', 'Quarta',398451237, 153944593);

INSERT INTO Clube('título', 'diaSemana', 'docente', 'responsável')
     VALUES('Clube de Teatro', 'Quinta', 123428472, 345678912);

INSERT INTO Clube('título', 'diaSemana', 'docente', 'responsável')
     VALUES('Clube de Leitura', 'Quinta', 709324564, 123456789);

INSERT INTO Clube('título', 'diaSemana', 'docente','responsável')
      VALUES('Clube de Gaming', 'Terça', 426314762,123456789);

INSERT INTO Clube('título', 'diaSemana', 'docente','responsável')
      VALUES('Clube de Luta', 'Terça', 409876123, 390678543);

INSERT INTO Clube('título', 'diaSemana', 'docente', 'responsável')
     VALUES('Clube de Xadrez', 'Segunda', 709324564, 652148975);

INSERT INTO Clube('título', 'diaSemana', 'docente', 'responsável')
     VALUES('Clube de Fotografia', 'Segunda', 123428472,354894716);

INSERT INTO Clube('título', 'diaSemana', 'docente', 'responsável')
     VALUES('Clube de Debate', 'Segunda', 426314762, 490876543);



INSERT INTO NãoResponsávelClube('clube', 'estudante')
      VALUES ('Clube do Sobrenatural e Inexplicável', 123456789);
      
INSERT INTO NãoResponsávelClube('clube', 'estudante')
      VALUES ('Clube do Sobrenatural e Inexplicável', 254318321);

INSERT INTO NãoResponsávelClube('clube', 'estudante')
      VALUES ('Clube do Sobrenatural e Inexplicável', 234567891);

INSERT INTO NãoResponsávelClube('clube', 'estudante')
      VALUES ('Clube do Sobrenatural e Inexplicável', 375683921);

INSERT INTO NãoResponsávelClube('clube', 'estudante')
      VALUES ('Clube do Sobrenatural e Inexplicável', 657483910);

INSERT INTO NãoResponsávelClube('clube', 'estudante')
      VALUES ('Clube do Sobrenatural e Inexplicável', 345678912);

INSERT INTO NãoResponsávelClube('clube', 'estudante')
      VALUES ('Clube do Sobrenatural e Inexplicável', 567891234);

INSERT INTO NãoResponsávelClube('clube', 'estudante')
      VALUES ('Clube do Sobrenatural e Inexplicável', 652148975);

INSERT INTO NãoResponsávelClube('clube', 'estudante')
      VALUES ('Clube do Sobrenatural e Inexplicável', 354894616);

INSERT INTO NãoResponsávelClube('clube', 'estudante')
      VALUES ('Clube de Teatro', 354894616);

INSERT INTO NãoResponsávelClube('clube', 'estudante')
      VALUES ('Clube de Teatro', 857418923);

INSERT INTO NãoResponsávelClube('clube', 'estudante')
      VALUES ('Clube de Teatro', 657483910);

INSERT INTO NãoResponsávelClube('clube', 'estudante')
      VALUES ('Clube de Teatro', 153944593);

INSERT INTO NãoResponsávelClube('clube', 'estudante')
      VALUES ('Clube de Leitura', 456789034);

INSERT INTO NãoResponsávelClube('clube', 'estudante')
      VALUES ('Clube de Leitura',567892145);

INSERT INTO NãoResponsávelClube('clube', 'estudante')
      VALUES ('Clube de Luta', 354894616);

INSERT INTO NãoResponsávelClube('clube', 'estudante')
      VALUES ('Clube de Leitura', 231456098);

INSERT INTO NãoResponsávelClube('clube', 'estudante')
      VALUES ('Clube de Leitura', 708902134);
      
INSERT INTO NãoResponsávelClube('clube', 'estudante')
      VALUES ('Clube de Leitura', 890678094);

INSERT INTO NãoResponsávelClube('clube', 'estudante')
      VALUES ('Clube de Gaming', 345678912);

INSERT INTO NãoResponsávelClube('clube', 'estudante')
      VALUES ('Clube de Gaming',609123564);

INSERT INTO NãoResponsávelClube('clube', 'estudante')
      VALUES ('Clube de Gaming',548906543);

INSERT INTO NãoResponsávelClube('clube', 'estudante')
      VALUES ('Clube de Gaming',218790543);

INSERT INTO NãoResponsávelClube('clube', 'estudante')
      VALUES ('Clube de Gaming',309654123);

INSERT INTO NãoResponsávelClube('clube', 'estudante')
      VALUES ('Clube de Gaming',276543987);

INSERT INTO NãoResponsávelClube('clube', 'estudante')
      VALUES ('Clube de Luta',509876543);

INSERT INTO NãoResponsávelClube('clube', 'estudante')
      VALUES ('Clube de Xadrez',218790543);

INSERT INTO NãoResponsávelClube('clube', 'estudante')
      VALUES ('Clube de Luta',650923768);

INSERT INTO NãoResponsávelClube('clube', 'estudante')
    VALUES ('Clube de Luta',167890765);

INSERT INTO NãoResponsávelClube('clube', 'estudante')
      VALUES ('Clube de Luta',342567890);

INSERT INTO NãoResponsávelClube('clube', 'estudante')
      VALUES ('Clube de Luta', 857418923);

INSERT INTO NãoResponsávelClube('clube', 'estudante')
      VALUES ('Clube de Fotografia',342567890);

INSERT INTO NãoResponsávelClube('clube', 'estudante')
      VALUES ('Clube de Teatro',276543987);

INSERT INTO NãoResponsávelClube('clube', 'estudante')
      VALUES ('Clube de Luta',309876123);

INSERT INTO NãoResponsávelClube('clube', 'estudante')
      VALUES ('Clube de Xadrez',309876123);

INSERT INTO NãoResponsávelClube('clube', 'estudante')
      VALUES ('Clube de Xadrez',390678543);

INSERT INTO NãoResponsávelClube('clube', 'estudante')
      VALUES ('Clube de Xadrez', 857418923);

INSERT INTO NãoResponsávelClube('clube', 'estudante')
      VALUES ('Clube de Xadrez',609876123);

INSERT INTO NãoResponsávelClube('clube', 'estudante')
      VALUES ('Clube de Gaming',609876123);
      
INSERT INTO NãoResponsávelClube('clube', 'estudante')
      VALUES ('Clube do Sobrenatural e Inexplicável',567892145);

INSERT INTO NãoResponsávelClube('clube', 'estudante')
      VALUES ('Clube de Debate',543123456);

INSERT INTO NãoResponsávelClube('clube', 'estudante')
      VALUES ('Clube de Debate',123456789);

INSERT INTO NãoResponsávelClube('clube', 'estudante')
      VALUES ('Clube de Debate',254318321);

INSERT INTO NãoResponsávelClube('clube', 'estudante')
      VALUES ('Clube de Leitura',609876123);

INSERT INTO NãoResponsávelClube('clube', 'estudante')
      VALUES ('Clube de Luta',254318321);

INSERT INTO NãoResponsávelClube('clube', 'estudante')
      VALUES ('Clube de Fotografia',567892145);

INSERT INTO Quarto('código', 'bloco_n','bloco_a' ,'turnoDia', 'turnoNoite', 'estudante')
     VALUES('010', 1,0, 222514979, 125514979, 650923768);

INSERT INTO Quarto('código', 'bloco_n','bloco_a' , 'turnoDia', 'turnoNoite', 'estudante')
     VALUES('011',1,0,698542979,188714979,167890765);

INSERT INTO Quarto('código', 'bloco_n','bloco_a' , 'turnoDia', 'turnoNoite', 'estudante')
     VALUES('012',1,0,322612979,200154979,276543987);

INSERT INTO Quarto('código', 'bloco_n','bloco_a' , 'turnoDia', 'turnoNoite', 'estudante')
     VALUES('013',1,0,403221158,900190818,609123564);

INSERT INTO Quarto('código','bloco_n','bloco_a', 'turnoDia', 'turnoNoite', 'estudante')
     VALUES('014',1,0,327494173,416981866,190876543);

INSERT INTO Quarto('código', 'bloco_n','bloco_a' , 'turnoDia', 'turnoNoite', 'estudante')
     VALUES('015',1,0,256208528,744367968,432765987);

INSERT INTO Quarto('código', 'bloco_n','bloco_a' , 'turnoDia', 'turnoNoite', 'estudante')
     VALUES('016',1,0,898868859,795155122,567892145);

INSERT INTO Quarto('código', 'bloco_n','bloco_a' , 'turnoDia', 'turnoNoite', 'estudante')
     VALUES('017',1,0,898068859,795987452,609876123);

INSERT INTO Quarto('código', 'bloco_n','bloco_a' , 'turnoDia', 'turnoNoite', 'estudante')
     VALUES('020',2,0,398271998,749881260,234567891);

INSERT INTO Quarto('código', 'bloco_n','bloco_a' , 'turnoDia', 'turnoNoite', 'estudante')
     VALUES('021',2,0,924355817,685138475,375683921);

INSERT INTO Quarto('código', 'bloco_n','bloco_a' , 'turnoDia', 'turnoNoite', 'estudante')
     VALUES('022',2,0,527066566,401546730,857418923);

INSERT INTO Quarto('código','bloco_n','bloco_a' , 'turnoDia', 'turnoNoite', 'estudante')
     VALUES('023',2,0,646317269,291956505,657483910);

INSERT INTO Quarto('código', 'bloco_n','bloco_a' , 'turnoDia', 'turnoNoite', 'estudante')
     VALUES('024',2,0,672454316,964245377,345678912);

INSERT INTO Quarto('código', 'bloco_n','bloco_a' , 'turnoDia', 'turnoNoite', 'estudante')
     VALUES('025',2,0,946910265,262526458,456789123);

INSERT INTO Quarto('código', 'bloco_n','bloco_a' , 'turnoDia', 'turnoNoite', 'estudante')
     VALUES('026',2,0,670307409,986263272,567891234);

INSERT INTO Quarto('código', 'bloco_n','bloco_a' , 'turnoDia', 'turnoNoite', 'estudante')
     VALUES('027',2,0,629648260,148343673,354894716);

INSERT INTO Quarto('código', 'bloco_n','bloco_a' , 'turnoDia', 'turnoNoite', 'estudante')
     VALUES('028',2,0,463253899,394968136,812654098);

INSERT INTO Quarto('código', 'bloco_n','bloco_a' , 'turnoDia', 'turnoNoite', 'estudante')
     VALUES('029',2,0,467788791,872350765,548906543);


INSERT INTO Disciplina('ID','Nome')
      VALUES(1,'Matemática 12');

INSERT INTO Disciplina('ID','Nome')
      VALUES(2,'Matemática 11');

INSERT INTO Disciplina('ID','Nome')
      VALUES(3,'Aplicações Informáticas');

INSERT INTO Disciplina('ID','Nome')
      VALUES(4, 'Física 12');   

INSERT INTO Disciplina('ID','Nome')
      VALUES(5, 'Física e Química 11');

INSERT INTO Disciplina('ID','Nome')
      VALUES(6, 'Português 12');

INSERT INTO Disciplina('ID','Nome')
      VALUES(7, 'Biologia 12');

INSERT INTO Disciplina('ID','Nome')
      VALUES(8,'Educação Física 12');

INSERT INTO Disciplina('ID','Nome')
      VALUES(9,'Português 11');

INSERT INTO Disciplina('ID','Nome')
      VALUES(10,'Biologia e Geologia 11');

INSERT INTO Disciplina('ID','Nome')
      VALUES(11,'Inglês 11');

INSERT INTO Disciplina('ID','Nome')
      VALUES(12,'Filosofia 11');

INSERT INTO Disciplina('ID','Nome')
      VALUES(13,'Educação Física 11');

INSERT INTO Disciplina('ID','Nome')
      VALUES(14,'Desenho A');

INSERT INTO Disciplina('ID','Nome')
      VALUES(15,'Inglês 12');

INSERT INTO Disciplina('ID','Nome')
      VALUES(16,'Francês 11');
      
INSERT INTO Disciplina('ID','Nome')
      VALUES(17,'Francês 12');

INSERT INTO DisciplinaTurma('disciplina','turma')
      VALUES(1,1);

INSERT INTO DisciplinaTurma('disciplina','turma')
      VALUES(3,1);

INSERT INTO DisciplinaTurma('disciplina','turma')
      VALUES(7,1);

INSERT INTO DisciplinaTurma('disciplina','turma')
      VALUES(6,1);

INSERT INTO DisciplinaTurma('disciplina','turma')
      VALUES(8,1);

INSERT INTO DisciplinaTurma('disciplina','turma')
      VALUES(14,1);

INSERT INTO DisciplinaTurma('disciplina','turma')
      VALUES(15,1);

INSERT INTO DisciplinaTurma('disciplina','turma')
      VALUES(17,1);

INSERT INTO DisciplinaTurma('disciplina','turma')
      VALUES(1,2);

INSERT INTO DisciplinaTurma('disciplina','turma')
      VALUES(3,2);

INSERT INTO DisciplinaTurma('disciplina','turma')
      VALUES(4,2);

INSERT INTO DisciplinaTurma('disciplina','turma')
      VALUES(6,2);

INSERT INTO DisciplinaTurma('disciplina','turma')
      VALUES(8,2);

INSERT INTO DisciplinaTurma('disciplina','turma')
      VALUES(14,2);

INSERT INTO DisciplinaTurma('disciplina','turma')
      VALUES(15,2);

INSERT INTO DisciplinaTurma('disciplina','turma')
      VALUES(17,2);

INSERT INTO DisciplinaTurma('disciplina','turma')
      VALUES(2,3);

INSERT INTO DisciplinaTurma('disciplina','turma')
      VALUES(5,3);

INSERT INTO DisciplinaTurma('disciplina','turma')
      VALUES(9,3);

INSERT INTO DisciplinaTurma('disciplina','turma')
      VALUES(10,3);

INSERT INTO DisciplinaTurma('disciplina','turma')
      VALUES(11,3);

INSERT INTO DisciplinaTurma('disciplina','turma')
      VALUES(12,3);

INSERT INTO DisciplinaTurma('disciplina','turma')
      VALUES(13,3);

INSERT INTO DisciplinaTurma('disciplina','turma')
      VALUES(16,3);

INSERT INTO DocenteTurma('docente','turma')
      VALUES(302184576,2);

INSERT INTO DocenteTurma('docente','turma')
      VALUES(302184576,3);

INSERT INTO DocenteTurma('docente','turma')
      VALUES(123428472,3);

INSERT INTO DocenteTurma('docente','turma')
      VALUES(354879152,1);

INSERT INTO DocenteTurma('docente','turma')
      VALUES(354879152,2);

INSERT INTO DocenteTurma('docente','turma')
      VALUES(354879152,3);

INSERT INTO DocenteTurma('docente','turma')
      VALUES(352179766,1);

INSERT INTO DocenteTurma('docente','turma')
      VALUES(352179766,2);

INSERT INTO DocenteTurma('docente','turma')
      VALUES(666548791,1);

INSERT INTO DocenteTurma('docente','turma')
      VALUES(666548791,2);

INSERT INTO DocenteTurma('docente','turma')
      VALUES(666548791,3);

INSERT INTO DocenteTurma('docente','turma')
      VALUES(398451237,1);

INSERT INTO DocenteTurma('docente','turma')
      VALUES(398451237,2);

INSERT INTO DocenteTurma('docente','turma')
      VALUES(426314762,1);

INSERT INTO DocenteTurma('docente','turma')
      VALUES(426314762,2);

INSERT INTO DocenteTurma('docente','turma')
      VALUES(409876123,1);

INSERT INTO DocenteTurma('docente','turma')
      VALUES(409876123,3);

INSERT INTO DocenteTurma('docente','turma')
      VALUES(194325657,1);

INSERT INTO DocenteTurma('docente','turma')
      VALUES(732154893,3);

INSERT INTO DocenteTurma('docente','turma')
      VALUES(619432765,3);

INSERT INTO DocenteTurma('docente','turma')
      VALUES(709324564,3);

INSERT INTO DocenteTurma('docente','turma')
      VALUES(912532654,1);

INSERT INTO DocenteTurma('docente','turma')
      VALUES(912532654,2);

INSERT INTO DocenteTurma('docente','turma')
      VALUES(912532654,3);

INSERT INTO DocenteTurma('docente','turma')
      VALUES(477294715,1);

INSERT INTO DocenteTurma('docente','turma')
      VALUES(477294715,2);

INSERT INTO DocenteTurma('docente','turma')
      VALUES(620956789,1);

INSERT INTO DocenteTurma('docente','turma')
      VALUES(620956789,2);

INSERT INTO DocenteTurma('docente','turma')
      VALUES(349023123,3);

INSERT INTO DisciplinaDocente('disciplina','docente')
      VALUES(4,302184576);

INSERT INTO DisciplinaDocente('disciplina','docente')
      VALUES(5,302184576);

INSERT INTO DisciplinaDocente('disciplina','docente')
      VALUES(5,123428472);

INSERT INTO DisciplinaDocente('disciplina','docente')
      VALUES(6,354879152);

INSERT INTO DisciplinaDocente('disciplina','docente')
      VALUES(9,354879152);

INSERT INTO DisciplinaDocente('disciplina','docente')
      VALUES(3,352179766);

INSERT INTO DisciplinaDocente('disciplina','docente')
      VALUES(8,666548791);

INSERT INTO DisciplinaDocente('disciplina','docente')
      VALUES(13,666548791);

INSERT INTO DisciplinaDocente('disciplina','docente')
      VALUES(14,398451237);

INSERT INTO DisciplinaDocente('disciplina','docente')
      VALUES(14,426314762);

INSERT INTO DisciplinaDocente('disciplina','docente')
      VALUES(7,409876123);

INSERT INTO DisciplinaDocente('disciplina','docente')
      VALUES(10,409876123);

INSERT INTO DisciplinaDocente('disciplina','docente')
      VALUES(7,194325657);

INSERT INTO DisciplinaDocente('disciplina','docente')
      VALUES(10,732154893);

INSERT INTO DisciplinaDocente('disciplina','docente')
      VALUES(11,619432765);

INSERT INTO DisciplinaDocente('disciplina','docente')
      VALUES(12,709324564);

INSERT INTO DisciplinaDocente('disciplina','docente')
      VALUES(1,912532654);

INSERT INTO DisciplinaDocente('disciplina','docente')
      VALUES(2,912532654);

INSERT INTO DisciplinaDocente('disciplina','docente')
      VALUES(15,620956789);

INSERT INTO DisciplinaDocente('disciplina','docente')
      VALUES(16,349023123);

INSERT INTO DisciplinaDocente('disciplina','docente')
      VALUES(17,477294715);


INSERT INTO Avaliação('ID','nota','anoLetivo','aluno','disciplina')
      VALUES(1,19, '2020/2021',153944593,1);

INSERT INTO Avaliação('ID','nota','anoLetivo','aluno','disciplina')
      VALUES(2,17, '2020/2021',153944593,4);

INSERT INTO Avaliação('ID','nota','anoLetivo','aluno','disciplina')
      VALUES(3,17, '2020/2021',153944593,7);

INSERT INTO Avaliação('ID','nota','anoLetivo','aluno','disciplina')
      VALUES(4,16, '2020/2021',153944593,8);

INSERT INTO Avaliação('ID','nota','anoLetivo','aluno','disciplina')
      VALUES(74,19, '2020/2021',153944593,3);

INSERT INTO Avaliação('ID','nota','anoLetivo','aluno','disciplina')
      VALUES(75,16, '2020/2021',153944593,6);

INSERT INTO Avaliação('ID','nota','anoLetivo','aluno','disciplina')
      VALUES(76,20, '2020/2021',153944593,15);

INSERT INTO Avaliação('ID','nota','anoLetivo','aluno','disciplina')
      VALUES(77,16, '2020/2021',153944593,17);

INSERT INTO Avaliação('ID','nota','anoLetivo','aluno','disciplina')
      VALUES(99,16, '2020/2021',153944593,14);

INSERT INTO Avaliação('ID','nota','anoLetivo','aluno','disciplina')
      VALUES(5,7, '2019/2020', 345678912,6);

INSERT INTO Avaliação('ID','nota','anoLetivo','aluno','disciplina')
      VALUES(6,8, '2020/2021', 345678912,17);

INSERT INTO Avaliação('ID','nota','anoLetivo','aluno','disciplina')
      VALUES(7,18, '2020/2021',345678912,15);

INSERT INTO Avaliação('ID','nota','anoLetivo','aluno','disciplina')
      VALUES(8,15, '2020/2021',345678912,4);

INSERT INTO Avaliação('ID','nota','anoLetivo','aluno','disciplina')
      VALUES(9,19, '2020/2021',345678912,3);

INSERT INTO Avaliação('ID','nota','anoLetivo','aluno','disciplina')
      VALUES(10,9, '2020/2021', 123456789,17);

INSERT INTO Avaliação('ID','nota','anoLetivo','aluno','disciplina')
      VALUES(11,19, '2020/2021',123456789,6);

INSERT INTO Avaliação('ID','nota','anoLetivo','aluno','disciplina')
      VALUES(12,15, '2020/2021',123456789, 15);

INSERT INTO Avaliação('ID','nota','anoLetivo','aluno','disciplina')
      VALUES(13,7, '2020/2021',123456789,14);

INSERT INTO Avaliação('ID','nota','anoLetivo','aluno','disciplina')
      VALUES(14,8, '2020/2021', 309876123,2);

INSERT INTO Avaliação('ID','nota','anoLetivo','aluno','disciplina')
      VALUES(15,19, '2020/2021',309876123,5);

INSERT INTO Avaliação('ID','nota','anoLetivo','aluno','disciplina')
      VALUES(16,17, '2020/2021',309876123, 13);

INSERT INTO Avaliação('ID','nota','anoLetivo','aluno','disciplina')
      VALUES(17,9, '2020/2021',309876123,10);

INSERT INTO Avaliação('ID','nota','anoLetivo','aluno','disciplina')
      VALUES(18,19, '2020/2021', 390678543,12);

INSERT INTO Avaliação('ID','nota','anoLetivo','aluno','disciplina')
      VALUES(19,8, '2020/2021',390678543,11);

INSERT INTO Avaliação('ID','nota','anoLetivo','aluno','disciplina')
      VALUES(20,15, '2020/2021',390678543, 9);

INSERT INTO Avaliação('ID','nota','anoLetivo','aluno','disciplina')
      VALUES(21,17, '2020/2021',390678543,13);

INSERT INTO Avaliação('ID','nota','anoLetivo','aluno','disciplina')
      VALUES(22,15, '2020/2021',432789654,9);

INSERT INTO Avaliação('ID','nota','anoLetivo','aluno','disciplina')
      VALUES(23,19, '2020/2021',432789654,11);

INSERT INTO Avaliação('ID','nota','anoLetivo','aluno','disciplina')
      VALUES(24,16, '2020/2021',432789654,16);

INSERT INTO Avaliação('ID','nota','anoLetivo','aluno','disciplina')
      VALUES(25,8, '2020/2021',650982134,9);

INSERT INTO Avaliação('ID','nota','anoLetivo','aluno','disciplina')
      VALUES(26,18, '2020/2021',650982134,11);

INSERT INTO Avaliação('ID','nota','anoLetivo','aluno','disciplina')
      VALUES(27,14, '2020/2021',650982134,16);

INSERT INTO Avaliação('ID','nota','anoLetivo','aluno','disciplina')
      VALUES(28,9, '2020/2021', 123456789,1);

INSERT INTO Avaliação('ID','nota','anoLetivo','aluno','disciplina')
      VALUES(29,19, '2020/2021', 456789034,1);

INSERT INTO Avaliação('ID','nota','anoLetivo','aluno','disciplina')
      VALUES(30,18, '2020/2021', 231456098,7);

INSERT INTO Avaliação('ID','nota','anoLetivo','aluno','disciplina')
      VALUES(31,18, '2020/2021', 708902134,7);

INSERT INTO Avaliação('ID','nota','anoLetivo','aluno','disciplina')
      VALUES(32,18, '2020/2021', 678549032,14);

INSERT INTO Avaliação('ID','nota','anoLetivo','aluno','disciplina')
      VALUES(33,18, '2020/2021', 890678094,4);

INSERT INTO Avaliação('ID','nota','anoLetivo','aluno','disciplina')
      VALUES(34,18, '2020/2021', 567890342,7);

INSERT INTO Avaliação('ID','nota','anoLetivo','aluno','disciplina')
      VALUES(35,19, '2020/2021', 650923768,14);

INSERT INTO Avaliação('ID','nota','anoLetivo','aluno','disciplina')
      VALUES(36,18, '2020/2021', 908900007,15);

INSERT INTO Avaliação('ID','nota','anoLetivo','aluno','disciplina')
      VALUES(37,17, '2020/2021', 167890765,17);

INSERT INTO Avaliação('ID','nota','anoLetivo','aluno','disciplina')
      VALUES(38,8, '2020/2021', 276543987,1);

INSERT INTO Avaliação('ID','nota','anoLetivo','aluno','disciplina')
      VALUES(39,7, '2020/2021', 342567890,7);

INSERT INTO Avaliação('ID','nota','anoLetivo','aluno','disciplina')
      VALUES(40,18, '2020/2021', 789432567,4);

INSERT INTO Avaliação('ID','nota','anoLetivo','aluno','disciplina')
      VALUES(41,20, '2020/2021', 812345432,8);

INSERT INTO Avaliação('ID','nota','anoLetivo','aluno','disciplina')
      VALUES(42,17, '2020/2021', 609123564,10);

INSERT INTO Avaliação('ID','nota','anoLetivo','aluno','disciplina')
      VALUES(43,9, '2020/2021', 342567890,4);

INSERT INTO Avaliação('ID','nota','anoLetivo','aluno','disciplina')
      VALUES(44,8, '2020/2021', 276543987,3);

INSERT INTO Avaliação('ID','nota','anoLetivo','aluno','disciplina')
      VALUES(45,19, '2020/2021', 812654098,13);

INSERT INTO Avaliação('ID','nota','anoLetivo','aluno','disciplina')
      VALUES(46,19, '2020/2021', 548906543,10);

INSERT INTO Avaliação('ID','nota','anoLetivo','aluno','disciplina')
      VALUES(47,19, '2020/2021', 435678908,2);

INSERT INTO Avaliação('ID','nota','anoLetivo','aluno','disciplina')
      VALUES(48,9, '2020/2021', 190876543,12);

INSERT INTO Avaliação('ID','nota','anoLetivo','aluno','disciplina')
      VALUES(49,19, '2020/2021', 432765987,10);

INSERT INTO Avaliação('ID','nota','anoLetivo','aluno','disciplina')
      VALUES(50,9, '2020/2021', 218790543,10);

INSERT INTO Avaliação('ID','nota','anoLetivo','aluno','disciplina')
      VALUES(51,16, '2020/2021', 509876543,11);

INSERT INTO Avaliação('ID','nota','anoLetivo','aluno','disciplina')
      VALUES(52,19, '2020/2021', 309654123,5);

INSERT INTO Avaliação('ID','nota','anoLetivo','aluno','disciplina')
      VALUES(53,20, '2020/2021', 490876543 ,2);

INSERT INTO Avaliação('ID','nota','anoLetivo','aluno','disciplina')
      VALUES(54,9, '2020/2021',609876123,2);

INSERT INTO Avaliação('ID','nota','anoLetivo','aluno','disciplina')
      VALUES(55,9, '2020/2021',609876123,5);

INSERT INTO Avaliação('ID','nota','anoLetivo','aluno','disciplina')
      VALUES(56,19, '2020/2021',231234589,4);

INSERT INTO Avaliação('ID','nota','anoLetivo','aluno','disciplina')
      VALUES(57, 19, '2020/2021',543123456,3);

INSERT INTO Avaliação('ID','nota','anoLetivo','aluno','disciplina')
      VALUES(58,9, '2020/2021',254318321,1);

INSERT INTO Avaliação('ID','nota','anoLetivo','aluno','disciplina')
      VALUES(59,6, '2020/2021',254318321,4);

INSERT INTO Avaliação('ID','nota','anoLetivo','aluno','disciplina')
      VALUES(60,13, '2020/2021',234567891,4);

INSERT INTO Avaliação('ID','nota','anoLetivo','aluno','disciplina')
      VALUES(61,10, '2020/2021',375683921,7);

INSERT INTO Avaliação('ID','nota','anoLetivo','aluno','disciplina')
      VALUES(62,6, '2020/2021',857418923,4);

INSERT INTO Avaliação('ID','nota','anoLetivo','aluno','disciplina')
      VALUES(63,8, '2020/2021',857418923,8);

INSERT INTO Avaliação('ID','nota','anoLetivo','aluno','disciplina')
      VALUES(64,16, '2020/2021',657483910,6);

INSERT INTO Avaliação('ID','nota','anoLetivo','aluno','disciplina')
      VALUES(65,14, '2020/2021',456789123,17);

INSERT INTO Avaliação('ID','nota','anoLetivo','aluno','disciplina')
      VALUES(66,6, '2020/2021',567892145,17);

INSERT INTO Avaliação('ID','nota','anoLetivo','aluno','disciplina')
      VALUES(67,9, '2020/2021',567892145,15);

INSERT INTO Avaliação('ID','nota','anoLetivo','aluno','disciplina')
      VALUES(68,11, '2020/2021',567891234,15);

INSERT INTO Avaliação('ID','nota','anoLetivo','aluno','disciplina')
      VALUES(69,12, '2020/2021',652148975,17);

INSERT INTO Avaliação('ID','nota','anoLetivo','aluno','disciplina')
      VALUES(70,9, '2020/2021',354894616,14);

INSERT INTO Avaliação('ID','nota','anoLetivo','aluno','disciplina')
      VALUES(71,9, '2020/2021',354894616,15);

INSERT INTO Avaliação('ID','nota','anoLetivo','aluno','disciplina')
      VALUES(72,15, '2020/2021',354894716,14);

INSERT INTO Avaliação('ID','nota','anoLetivo','aluno','disciplina')
      VALUES(73,18, '2020/2021', 342134567,14);

INSERT INTO Avaliação('ID','nota','anoLetivo','aluno','disciplina')
      VALUES(78,18, '2020/2021',456789034,4);

INSERT INTO Avaliação('ID','nota','anoLetivo','aluno','disciplina')
      VALUES(79,17, '2020/2021',456789034,7);

INSERT INTO Avaliação('ID','nota','anoLetivo','aluno','disciplina')
      VALUES(80,15, '2020/2021',456789034,8);

INSERT INTO Avaliação('ID','nota','anoLetivo','aluno','disciplina')
      VALUES(81,19, '2020/2021',456789034,3);

INSERT INTO Avaliação('ID','nota','anoLetivo','aluno','disciplina')
      VALUES(82,17, '2020/2021',456789034,6);

INSERT INTO Avaliação('ID','nota','anoLetivo','aluno','disciplina')
      VALUES(83,19, '2020/2021',456789034,15);

INSERT INTO Avaliação('ID','nota','anoLetivo','aluno','disciplina')
      VALUES(84,17, '2020/2021',456789034,17);

INSERT INTO Avaliação('ID','nota','anoLetivo','aluno','disciplina')
      VALUES(100,16, '2020/2021',456789034,14);

INSERT INTO Avaliação('ID','nota','anoLetivo','aluno','disciplina')
      VALUES(85,16, '2020/2021',231456098,4);

INSERT INTO Avaliação('ID','nota','anoLetivo','aluno','disciplina')
      VALUES(86,18, '2020/2021',231456098,1);

INSERT INTO Avaliação('ID','nota','anoLetivo','aluno','disciplina')
      VALUES(87,16, '2020/2021',231456098,8);

INSERT INTO Avaliação('ID','nota','anoLetivo','aluno','disciplina')
      VALUES(88,19, '2020/2021',231456098,3);

INSERT INTO Avaliação('ID','nota','anoLetivo','aluno','disciplina')
      VALUES(89,16, '2020/2021',231456098,6);

INSERT INTO Avaliação('ID','nota','anoLetivo','aluno','disciplina')
      VALUES(90,19, '2020/2021',231456098,15);

INSERT INTO Avaliação('ID','nota','anoLetivo','aluno','disciplina')
      VALUES(91,17, '2020/2021',231456098,17);

INSERT INTO Avaliação('ID','nota','anoLetivo','aluno','disciplina')
      VALUES(101,17, '2020/2021',231456098,14);

INSERT INTO Avaliação('ID','nota','anoLetivo','aluno','disciplina')
      VALUES(92,16, '2020/2021',708902134,4);

INSERT INTO Avaliação('ID','nota','anoLetivo','aluno','disciplina')
      VALUES(93,19, '2020/2021',708902134,1);

INSERT INTO Avaliação('ID','nota','anoLetivo','aluno','disciplina')
      VALUES(94,19, '2020/2021',708902134,8);

INSERT INTO Avaliação('ID','nota','anoLetivo','aluno','disciplina')
      VALUES(95,18, '2020/2021',708902134,3);

INSERT INTO Avaliação('ID','nota','anoLetivo','aluno','disciplina')
      VALUES(96,16, '2020/2021',708902134,6);

INSERT INTO Avaliação('ID','nota','anoLetivo','aluno','disciplina')
      VALUES(97,17, '2020/2021',708902134,15);

INSERT INTO Avaliação('ID','nota','anoLetivo','aluno','disciplina')
      VALUES(98,15, '2020/2021',708902134,17);

INSERT INTO Avaliação('ID','nota','anoLetivo','aluno','disciplina')
      VALUES(102,15, '2020/2021',708902134,14);

INSERT INTO Avaliação('ID','nota','anoLetivo','aluno','disciplina')
      VALUES(103,17, '2020/2021',342134567,4);

INSERT INTO Avaliação('ID','nota','anoLetivo','aluno','disciplina')
      VALUES(104,18, '2020/2021',342134567,1);

INSERT INTO Avaliação('ID','nota','anoLetivo','aluno','disciplina')
      VALUES(105,15, '2020/2021',342134567,8);

INSERT INTO Avaliação('ID','nota','anoLetivo','aluno','disciplina')
      VALUES(106,19, '2020/2021',342134567,3);

INSERT INTO Avaliação('ID','nota','anoLetivo','aluno','disciplina')
      VALUES(107,16, '2020/2021',342134567,6);

INSERT INTO Avaliação('ID','nota','anoLetivo','aluno','disciplina')
      VALUES(108,17, '2020/2021',342134567,15);

INSERT INTO Avaliação('ID','nota','anoLetivo','aluno','disciplina')
      VALUES(109,15, '2020/2021',342134567,17);

INSERT INTO Avaliação('ID','nota','anoLetivo','aluno','disciplina')
      VALUES(110,18, '2020/2021',342134567,7);

INSERT INTO Avaliação('ID','nota','anoLetivo','aluno','disciplina')
      VALUES(111,16, '2020/2021',678549032,4);

INSERT INTO Avaliação('ID','nota','anoLetivo','aluno','disciplina')
      VALUES(112,17, '2020/2021',678549032,1);

INSERT INTO Avaliação('ID','nota','anoLetivo','aluno','disciplina')
      VALUES(113,19, '2020/2021',678549032,8);

INSERT INTO Avaliação('ID','nota','anoLetivo','aluno','disciplina')
      VALUES(114,18, '2020/2021',678549032,3);

INSERT INTO Avaliação('ID','nota','anoLetivo','aluno','disciplina')
      VALUES(115,16, '2020/2021',678549032,6);

INSERT INTO Avaliação('ID','nota','anoLetivo','aluno','disciplina')
      VALUES(116,17, '2020/2021',678549032,15);

INSERT INTO Avaliação('ID','nota','anoLetivo','aluno','disciplina')
      VALUES(117,15, '2020/2021',678549032,17);

INSERT INTO Avaliação('ID','nota','anoLetivo','aluno','disciplina')
      VALUES(118,17, '2020/2021',678549032,7);

INSERT INTO Avaliação('ID','nota','anoLetivo','aluno','disciplina')
      VALUES(119,16, '2020/2021',890678094,14);

INSERT INTO Avaliação('ID','nota','anoLetivo','aluno','disciplina')
      VALUES(120,18, '2020/2021',890678094,1);

INSERT INTO Avaliação('ID','nota','anoLetivo','aluno','disciplina')
      VALUES(121,17, '2020/2021',890678094,8);

INSERT INTO Avaliação('ID','nota','anoLetivo','aluno','disciplina')
      VALUES(122,19, '2020/2021',890678094,3);

INSERT INTO Avaliação('ID','nota','anoLetivo','aluno','disciplina')
      VALUES(123,17, '2020/2021',890678094,6);

INSERT INTO Avaliação('ID','nota','anoLetivo','aluno','disciplina')
      VALUES(124,18, '2020/2021',890678094,15);

INSERT INTO Avaliação('ID','nota','anoLetivo','aluno','disciplina')
      VALUES(125,18, '2020/2021',890678094,17);

INSERT INTO Avaliação('ID','nota','anoLetivo','aluno','disciplina')
      VALUES(126,17, '2020/2021',890678094,7);

INSERT INTO Avaliação('ID','nota','anoLetivo','aluno','disciplina')
      VALUES(127,14, '2020/2021',567890342,14);

INSERT INTO Avaliação('ID','nota','anoLetivo','aluno','disciplina')
      VALUES(128,16, '2020/2021',567890342,1);

INSERT INTO Avaliação('ID','nota','anoLetivo','aluno','disciplina')
      VALUES(129,19, '2020/2021',567890342,8);

INSERT INTO Avaliação('ID','nota','anoLetivo','aluno','disciplina')
      VALUES(130,17, '2020/2021',567890342,3);

INSERT INTO Avaliação('ID','nota','anoLetivo','aluno','disciplina')
      VALUES(131,15, '2020/2021',567890342,6);

INSERT INTO Avaliação('ID','nota','anoLetivo','aluno','disciplina')
      VALUES(132,16, '2020/2021',567890342,15);

INSERT INTO Avaliação('ID','nota','anoLetivo','aluno','disciplina')
      VALUES(133,14, '2020/2021',567890342,17);

INSERT INTO Avaliação('ID','nota','anoLetivo','aluno','disciplina')
      VALUES(134,17, '2020/2021',567890342,4);

INSERT INTO Avaliação('ID','nota','anoLetivo','aluno','disciplina')
      VALUES(135,15, '2020/2021',650923768,4);

INSERT INTO Avaliação('ID','nota','anoLetivo','aluno','disciplina')
      VALUES(136,16, '2020/2021',650923768,1);

INSERT INTO Avaliação('ID','nota','anoLetivo','aluno','disciplina')
      VALUES(137,20, '2020/2021',650923768,8);

INSERT INTO Avaliação('ID','nota','anoLetivo','aluno','disciplina')
      VALUES(138,9, '2020/2021',650923768,3);

INSERT INTO Avaliação('ID','nota','anoLetivo','aluno','disciplina')
      VALUES(139,15, '2020/2021',650923768,6);

INSERT INTO Avaliação('ID','nota','anoLetivo','aluno','disciplina')
      VALUES(140,19, '2020/2021',650923768,15);

INSERT INTO Avaliação('ID','nota','anoLetivo','aluno','disciplina')
      VALUES(141,18, '2020/2021',650923768,17);

INSERT INTO Avaliação('ID','nota','anoLetivo','aluno','disciplina')
      VALUES(142,15, '2020/2021',650923768,7);

INSERT INTO Avaliação('ID','nota','anoLetivo','aluno','disciplina')
      VALUES(143,15, '2020/2021',908900007,4);

INSERT INTO Avaliação('ID','nota','anoLetivo','aluno','disciplina')
      VALUES(144,17, '2020/2021',908900007,1);

INSERT INTO Avaliação('ID','nota','anoLetivo','aluno','disciplina')
      VALUES(145,17, '2020/2021',908900007,8);

INSERT INTO Avaliação('ID','nota','anoLetivo','aluno','disciplina')
      VALUES(146,17, '2020/2021',908900007,3);

INSERT INTO Avaliação('ID','nota','anoLetivo','aluno','disciplina')
      VALUES(147,18, '2020/2021',908900007,6);

INSERT INTO Avaliação('ID','nota','anoLetivo','aluno','disciplina')
      VALUES(148,15, '2020/2021',908900007,14);

INSERT INTO Avaliação('ID','nota','anoLetivo','aluno','disciplina')
      VALUES(149,18, '2020/2021',908900007,17);

INSERT INTO Avaliação('ID','nota','anoLetivo','aluno','disciplina')
      VALUES(150,15, '2020/2021',908900007,7);

INSERT INTO Avaliação('ID','nota','anoLetivo','aluno','disciplina')
      VALUES(151,16, '2020/2021',167890765,4);

INSERT INTO Avaliação('ID','nota','anoLetivo','aluno','disciplina')
      VALUES(152,17, '2020/2021',167890765,1);

INSERT INTO Avaliação('ID','nota','anoLetivo','aluno','disciplina')
      VALUES(153,20, '2020/2021',167890765,8);

INSERT INTO Avaliação('ID','nota','anoLetivo','aluno','disciplina')
      VALUES(154,13, '2020/2021',167890765,3);

INSERT INTO Avaliação('ID','nota','anoLetivo','aluno','disciplina')
      VALUES(155,18, '2020/2021',167890765,6);

INSERT INTO Avaliação('ID','nota','anoLetivo','aluno','disciplina')
      VALUES(156,19, '2020/2021',167890765,14);

INSERT INTO Avaliação('ID','nota','anoLetivo','aluno','disciplina')
      VALUES(157,19, '2020/2021',167890765,15);

INSERT INTO Avaliação('ID','nota','anoLetivo','aluno','disciplina')
      VALUES(158,18, '2020/2021',167890765,7);

INSERT INTO Avaliação('ID','nota','anoLetivo','aluno','disciplina')
      VALUES(159,16, '2020/2021',276543987,4);

INSERT INTO Avaliação('ID','nota','anoLetivo','aluno','disciplina')
      VALUES(160,18, '2020/2021',276543987,8);

INSERT INTO Avaliação('ID','nota','anoLetivo','aluno','disciplina')
      VALUES(161,13, '2020/2021',276543987,17);

INSERT INTO Avaliação('ID','nota','anoLetivo','aluno','disciplina')
      VALUES(162,15, '2020/2021',276543987,6);

INSERT INTO Avaliação('ID','nota','anoLetivo','aluno','disciplina')
      VALUES(163,17, '2020/2021',276543987,14);

INSERT INTO Avaliação('ID','nota','anoLetivo','aluno','disciplina')
      VALUES(164,14, '2020/2021',276543987,15);

INSERT INTO Avaliação('ID','nota','anoLetivo','aluno','disciplina')
      VALUES(165,12, '2020/2021',276543987,7);

INSERT INTO Avaliação('ID','nota','anoLetivo','aluno','disciplina')
      VALUES(166,10, '2020/2021',342567890,1);

INSERT INTO Avaliação('ID','nota','anoLetivo','aluno','disciplina')
      VALUES(167,19, '2020/2021',342567890,8);

INSERT INTO Avaliação('ID','nota','anoLetivo','aluno','disciplina')
      VALUES(168,11, '2020/2021',342567890,17);

INSERT INTO Avaliação('ID','nota','anoLetivo','aluno','disciplina')
      VALUES(169,9, '2020/2021',342567890,6);

INSERT INTO Avaliação('ID','nota','anoLetivo','aluno','disciplina')
      VALUES(170,5, '2020/2021',342567890,14);

INSERT INTO Avaliação('ID','nota','anoLetivo','aluno','disciplina')
      VALUES(171,14, '2020/2021',342567890,15);

INSERT INTO Avaliação('ID','nota','anoLetivo','aluno','disciplina')
      VALUES(172,12, '2020/2021',342567890,3);

INSERT INTO Avaliação('ID','nota','anoLetivo','aluno','disciplina')
      VALUES(173,16, '2020/2021',789432567,14);

INSERT INTO Avaliação('ID','nota','anoLetivo','aluno','disciplina')
      VALUES(174,17, '2020/2021',789432567,1);

INSERT INTO Avaliação('ID','nota','anoLetivo','aluno','disciplina')
      VALUES(175,16, '2020/2021',789432567,8);

INSERT INTO Avaliação('ID','nota','anoLetivo','aluno','disciplina')
      VALUES(176,18, '2020/2021',789432567,3);

INSERT INTO Avaliação('ID','nota','anoLetivo','aluno','disciplina')
      VALUES(177,16, '2020/2021',789432567,6);

INSERT INTO Avaliação('ID','nota','anoLetivo','aluno','disciplina')
      VALUES(178,17, '2020/2021',789432567,15);

INSERT INTO Avaliação('ID','nota','anoLetivo','aluno','disciplina')
      VALUES(179,15, '2020/2021',789432567,17);

INSERT INTO Avaliação('ID','nota','anoLetivo','aluno','disciplina')
      VALUES(180,17, '2020/2021',789432567,7);

INSERT INTO Avaliação('ID','nota','anoLetivo','aluno','disciplina')
      VALUES(181,14, '2020/2021',812345432,14);

INSERT INTO Avaliação('ID','nota','anoLetivo','aluno','disciplina')
      VALUES(182,17, '2020/2021',812345432,1);

INSERT INTO Avaliação('ID','nota','anoLetivo','aluno','disciplina')
      VALUES(183,18, '2020/2021',812345432,4);

INSERT INTO Avaliação('ID','nota','anoLetivo','aluno','disciplina')
      VALUES(184,18, '2020/2021',812345432,3);

INSERT INTO Avaliação('ID','nota','anoLetivo','aluno','disciplina')
      VALUES(185,18, '2020/2021',812345432,6);

INSERT INTO Avaliação('ID','nota','anoLetivo','aluno','disciplina')
      VALUES(186,17, '2020/2021',812345432,15);

INSERT INTO Avaliação('ID','nota','anoLetivo','aluno','disciplina')
      VALUES(187,17, '2020/2021',812345432,17);

INSERT INTO Avaliação('ID','nota','anoLetivo','aluno','disciplina')
      VALUES(188,17, '2020/2021',812345432,7);

INSERT INTO Avaliação('ID','nota','anoLetivo','aluno','disciplina')
      VALUES(189,16, '2020/2021',231234589,14);

INSERT INTO Avaliação('ID','nota','anoLetivo','aluno','disciplina')
      VALUES(190,19, '2020/2021',231234589,1);

INSERT INTO Avaliação('ID','nota','anoLetivo','aluno','disciplina')
      VALUES(191,16, '2020/2021',231234589,8);

INSERT INTO Avaliação('ID','nota','anoLetivo','aluno','disciplina')
      VALUES(192,18, '2020/2021',231234589,3);

INSERT INTO Avaliação('ID','nota','anoLetivo','aluno','disciplina')
      VALUES(193,16, '2020/2021',231234589,6);

INSERT INTO Avaliação('ID','nota','anoLetivo','aluno','disciplina')
      VALUES(194,17, '2020/2021',231234589,15);

INSERT INTO Avaliação('ID','nota','anoLetivo','aluno','disciplina')
      VALUES(195,17, '2020/2021',231234589,17);

INSERT INTO Avaliação('ID','nota','anoLetivo','aluno','disciplina')
      VALUES(196,17, '2020/2021',231234589,7);

INSERT INTO Avaliação('ID','nota','anoLetivo','aluno','disciplina')
      VALUES(197,16, '2020/2021',543123456,14);

INSERT INTO Avaliação('ID','nota','anoLetivo','aluno','disciplina')
      VALUES(198,19, '2020/2021',543123456,1);

INSERT INTO Avaliação('ID','nota','anoLetivo','aluno','disciplina')
      VALUES(199,16, '2020/2021',543123456,8);

INSERT INTO Avaliação('ID','nota','anoLetivo','aluno','disciplina')
      VALUES(200,17, '2020/2021',543123456,4);

INSERT INTO Avaliação('ID','nota','anoLetivo','aluno','disciplina')
      VALUES(201,17, '2020/2021',543123456,6);

INSERT INTO Avaliação('ID','nota','anoLetivo','aluno','disciplina')
      VALUES(202,17, '2020/2021',543123456,15);

INSERT INTO Avaliação('ID','nota','anoLetivo','aluno','disciplina')
      VALUES(203,18, '2020/2021',543123456,17);

INSERT INTO Avaliação('ID','nota','anoLetivo','aluno','disciplina')
      VALUES(204,17, '2020/2021',543123456,7);

INSERT INTO Avaliação('ID','nota','anoLetivo','aluno','disciplina')
      VALUES(205,15, '2020/2021',123456789,3);

INSERT INTO Avaliação('ID','nota','anoLetivo','aluno','disciplina')
      VALUES(206,14, '2020/2021',123456789,4);

INSERT INTO Avaliação('ID','nota','anoLetivo','aluno','disciplina')
      VALUES(207,12, '2020/2021',123456789,8);

INSERT INTO Avaliação('ID','nota','anoLetivo','aluno','disciplina')
      VALUES(208,7, '2020/2021',123456789,7);

INSERT INTO Avaliação('ID','nota','anoLetivo','aluno','disciplina')
      VALUES(209,16, '2020/2021',254318321,14);

INSERT INTO Avaliação('ID','nota','anoLetivo','aluno','disciplina')
      VALUES(210,9, '2020/2021',254318321,7);

INSERT INTO Avaliação('ID','nota','anoLetivo','aluno','disciplina')
      VALUES(211,16, '2020/2021',254318321,8);

INSERT INTO Avaliação('ID','nota','anoLetivo','aluno','disciplina')
      VALUES(212,17, '2020/2021',254318321,3);

INSERT INTO Avaliação('ID','nota','anoLetivo','aluno','disciplina')
      VALUES(213,17, '2020/2021',254318321,6);

INSERT INTO Avaliação('ID','nota','anoLetivo','aluno','disciplina')
      VALUES(214,17, '2020/2021',254318321,15);

INSERT INTO Avaliação('ID','nota','anoLetivo','aluno','disciplina')
      VALUES(215,18, '2020/2021',254318321,17);

INSERT INTO Avaliação('ID','nota','anoLetivo','aluno','disciplina')
      VALUES(216,16, '2020/2021',234567891,14);

INSERT INTO Avaliação('ID','nota','anoLetivo','aluno','disciplina')
      VALUES(217,9, '2020/2021',234567891,7);

INSERT INTO Avaliação('ID','nota','anoLetivo','aluno','disciplina')
      VALUES(218,16, '2020/2021',234567891,8);

INSERT INTO Avaliação('ID','nota','anoLetivo','aluno','disciplina')
      VALUES(219,17, '2020/2021',234567891,3);

INSERT INTO Avaliação('ID','nota','anoLetivo','aluno','disciplina')
      VALUES(220,17, '2020/2021',234567891,6);

INSERT INTO Avaliação('ID','nota','anoLetivo','aluno','disciplina')
      VALUES(221,7, '2020/2021',234567891,15);

INSERT INTO Avaliação('ID','nota','anoLetivo','aluno','disciplina')
      VALUES(222,18, '2020/2021',234567891,17);

INSERT INTO Avaliação('ID','nota','anoLetivo','aluno','disciplina')
      VALUES(223,18, '2020/2021',234567891,1);

INSERT INTO Avaliação('ID','nota','anoLetivo','aluno','disciplina')
      VALUES(224,6, '2020/2021',375683921,14);

INSERT INTO Avaliação('ID','nota','anoLetivo','aluno','disciplina')
      VALUES(225,9, '2020/2021',375683921,4);

INSERT INTO Avaliação('ID','nota','anoLetivo','aluno','disciplina')
      VALUES(226,16, '2020/2021',375683921,8);

INSERT INTO Avaliação('ID','nota','anoLetivo','aluno','disciplina')
      VALUES(227,7, '2020/2021',375683921,3);

INSERT INTO Avaliação('ID','nota','anoLetivo','aluno','disciplina')
      VALUES(228,13, '2020/2021',375683921,6);

INSERT INTO Avaliação('ID','nota','anoLetivo','aluno','disciplina')
      VALUES(229,7, '2020/2021',375683921,15);

INSERT INTO Avaliação('ID','nota','anoLetivo','aluno','disciplina')
      VALUES(230,8, '2020/2021',375683921,17);

INSERT INTO Avaliação('ID','nota','anoLetivo','aluno','disciplina')
      VALUES(231,10, '2020/2021',375683921,1);

INSERT INTO Avaliação('ID','nota','anoLetivo','aluno','disciplina')
      VALUES(232,16, '2020/2021',857418923,14);

INSERT INTO Avaliação('ID','nota','anoLetivo','aluno','disciplina')
      VALUES(233,9, '2020/2021',857418923,1);

INSERT INTO Avaliação('ID','nota','anoLetivo','aluno','disciplina')
      VALUES(234,16, '2020/2021',857418923,7);

INSERT INTO Avaliação('ID','nota','anoLetivo','aluno','disciplina')
      VALUES(235,17, '2020/2021',857418923,3);

INSERT INTO Avaliação('ID','nota','anoLetivo','aluno','disciplina')
      VALUES(236,13, '2020/2021',857418923,6);

INSERT INTO Avaliação('ID','nota','anoLetivo','aluno','disciplina')
      VALUES(237,7, '2020/2021',857418923,15);

INSERT INTO Avaliação('ID','nota','anoLetivo','aluno','disciplina')
      VALUES(238,8, '2020/2021',857418923,17);

INSERT INTO Avaliação('ID','nota','anoLetivo','aluno','disciplina')
      VALUES(239,18, '2020/2021',657483910,14);

INSERT INTO Avaliação('ID','nota','anoLetivo','aluno','disciplina')
      VALUES(240, 19, '2020/2021',657483910,1);

INSERT INTO Avaliação('ID','nota','anoLetivo','aluno','disciplina')
      VALUES(241,16, '2020/2021',657483910,7);

INSERT INTO Avaliação('ID','nota','anoLetivo','aluno','disciplina')
      VALUES(242,17, '2020/2021',657483910,3);

INSERT INTO Avaliação('ID','nota','anoLetivo','aluno','disciplina')
      VALUES(243,15, '2020/2021',657483910,4);

INSERT INTO Avaliação('ID','nota','anoLetivo','aluno','disciplina')
      VALUES(244, 17, '2020/2021',657483910,15);

INSERT INTO Avaliação('ID','nota','anoLetivo','aluno','disciplina')
      VALUES(245,18, '2020/2021',657483910,8);

INSERT INTO Avaliação('ID','nota','anoLetivo','aluno','disciplina')
      VALUES(246,18, '2020/2021',657483910,17);

INSERT INTO Avaliação('ID','nota','anoLetivo','aluno','disciplina')
      VALUES(247,15, '2020/2021',345678912,1);

INSERT INTO Avaliação('ID','nota','anoLetivo','aluno','disciplina')
      VALUES(248, 7, '2020/2021',345678912,8);

INSERT INTO Avaliação('ID','nota','anoLetivo','aluno','disciplina')
      VALUES(249,18, '2020/2021',345678912,7);

INSERT INTO Avaliação('ID','nota','anoLetivo','aluno','disciplina')
      VALUES(250,18, '2020/2021',345678912,14);

INSERT INTO Avaliação('ID','nota','anoLetivo','aluno','disciplina')
      VALUES(251,18, '2020/2021',456789123,14);

INSERT INTO Avaliação('ID','nota','anoLetivo','aluno','disciplina')
      VALUES(252, 19, '2020/2021',456789123,1);

INSERT INTO Avaliação('ID','nota','anoLetivo','aluno','disciplina')
      VALUES(253,6, '2020/2021',456789123,7);

INSERT INTO Avaliação('ID','nota','anoLetivo','aluno','disciplina')
      VALUES(254,17, '2020/2021',456789123,3);

INSERT INTO Avaliação('ID','nota','anoLetivo','aluno','disciplina')
      VALUES(255,15, '2020/2021',456789123,4);

INSERT INTO Avaliação('ID','nota','anoLetivo','aluno','disciplina')
      VALUES(256, 17, '2020/2021',456789123,15);

INSERT INTO Avaliação('ID','nota','anoLetivo','aluno','disciplina')
      VALUES(257,18, '2020/2021',456789123,8);

INSERT INTO Avaliação('ID','nota','anoLetivo','aluno','disciplina')
      VALUES(258,18, '2020/2021',456789123,6);

INSERT INTO Avaliação('ID','nota','anoLetivo','aluno','disciplina')
      VALUES(259, 17, '2020/2021',567892145,1);

INSERT INTO Avaliação('ID','nota','anoLetivo','aluno','disciplina')
      VALUES(260,16, '2020/2021',567892145,7);

INSERT INTO Avaliação('ID','nota','anoLetivo','aluno','disciplina')
      VALUES(261,17, '2020/2021',567892145,3);

INSERT INTO Avaliação('ID','nota','anoLetivo','aluno','disciplina')
      VALUES(262,15, '2020/2021',567892145,4);

INSERT INTO Avaliação('ID','nota','anoLetivo','aluno','disciplina')
      VALUES(263, 17, '2020/2021',567892145,14);

INSERT INTO Avaliação('ID','nota','anoLetivo','aluno','disciplina')
      VALUES(264,18, '2020/2021',567892145,8);

INSERT INTO Avaliação('ID','nota','anoLetivo','aluno','disciplina')
      VALUES(265,18, '2020/2021',567892145,6);

INSERT INTO Avaliação('ID','nota','anoLetivo','aluno','disciplina')
      VALUES(266,8, '2020/2021',567891234,6);

INSERT INTO Avaliação('ID','nota','anoLetivo','aluno','disciplina')
      VALUES(267, 17, '2020/2021',567891234,1);

INSERT INTO Avaliação('ID','nota','anoLetivo','aluno','disciplina')
      VALUES(268,16, '2020/2021',567891234,7);

INSERT INTO Avaliação('ID','nota','anoLetivo','aluno','disciplina')
      VALUES(269,17, '2020/2021',567891234,3);

INSERT INTO Avaliação('ID','nota','anoLetivo','aluno','disciplina')
      VALUES(270,5, '2020/2021',567891234,4);

INSERT INTO Avaliação('ID','nota','anoLetivo','aluno','disciplina')
      VALUES(271, 17, '2020/2021',567891234,14);

INSERT INTO Avaliação('ID','nota','anoLetivo','aluno','disciplina')
      VALUES(272,18, '2020/2021',567891234,8);

INSERT INTO Avaliação('ID','nota','anoLetivo','aluno','disciplina')
      VALUES(273,18, '2020/2021',567891234,17);

INSERT INTO Avaliação('ID','nota','anoLetivo','aluno','disciplina')
      VALUES(274,18, '2020/2021',652148975,6);

INSERT INTO Avaliação('ID','nota','anoLetivo','aluno','disciplina')
      VALUES(275, 17, '2020/2021',652148975,1);

INSERT INTO Avaliação('ID','nota','anoLetivo','aluno','disciplina')
      VALUES(276,16, '2020/2021',652148975,7);

INSERT INTO Avaliação('ID','nota','anoLetivo','aluno','disciplina')
      VALUES(277,17, '2020/2021',652148975,3);

INSERT INTO Avaliação('ID','nota','anoLetivo','aluno','disciplina')
      VALUES(278,15, '2020/2021',652148975,4);

INSERT INTO Avaliação('ID','nota','anoLetivo','aluno','disciplina')
      VALUES(279, 17, '2020/2021',652148975,14);

INSERT INTO Avaliação('ID','nota','anoLetivo','aluno','disciplina')
      VALUES(280,18, '2020/2021',652148975,8);

INSERT INTO Avaliação('ID','nota','anoLetivo','aluno','disciplina')
      VALUES(281,18, '2020/2021',652148975,15);

INSERT INTO Avaliação('ID','nota','anoLetivo','aluno','disciplina')
      VALUES(282, 17, '2020/2021',354894616,1);

INSERT INTO Avaliação('ID','nota','anoLetivo','aluno','disciplina')
      VALUES(283,6, '2020/2021',354894616,7);

INSERT INTO Avaliação('ID','nota','anoLetivo','aluno','disciplina')
      VALUES(284,12, '2020/2021',354894616,3);

INSERT INTO Avaliação('ID','nota','anoLetivo','aluno','disciplina')
      VALUES(285,15, '2020/2021',354894616,4);

INSERT INTO Avaliação('ID','nota','anoLetivo','aluno','disciplina')
      VALUES(286, 7, '2020/2021',354894616,17);

INSERT INTO Avaliação('ID','nota','anoLetivo','aluno','disciplina')
      VALUES(287,18, '2020/2021',354894616,8);

INSERT INTO Avaliação('ID','nota','anoLetivo','aluno','disciplina')
      VALUES(288,8, '2020/2021',354894616,6);

INSERT INTO Avaliação('ID','nota','anoLetivo','aluno','disciplina')
      VALUES(289,18, '2020/2021',354894716,15);

INSERT INTO Avaliação('ID','nota','anoLetivo','aluno','disciplina')
      VALUES(290, 19, '2020/2021',354894716,1);

INSERT INTO Avaliação('ID','nota','anoLetivo','aluno','disciplina')
      VALUES(291,18, '2020/2021',354894716,7);

INSERT INTO Avaliação('ID','nota','anoLetivo','aluno','disciplina')
      VALUES(292,12, '2020/2021',354894716,3);

INSERT INTO Avaliação('ID','nota','anoLetivo','aluno','disciplina')
      VALUES(293,15, '2020/2021',354894716,4);

INSERT INTO Avaliação('ID','nota','anoLetivo','aluno','disciplina')
      VALUES(294, 18, '2020/2021',354894716,17);

INSERT INTO Avaliação('ID','nota','anoLetivo','aluno','disciplina')
      VALUES(295,18, '2020/2021',354894716,8);

INSERT INTO Avaliação('ID','nota','anoLetivo','aluno','disciplina')
      VALUES(296,18, '2020/2021',354894716,6);

INSERT INTO Avaliação('ID','nota','anoLetivo','aluno','disciplina')
      VALUES(297, 19, '2020/2021',609123564,2);

INSERT INTO Avaliação('ID','nota','anoLetivo','aluno','disciplina')
      VALUES(298,18, '2020/2021',609123564,5);

INSERT INTO Avaliação('ID','nota','anoLetivo','aluno','disciplina')
      VALUES(299,17, '2020/2021',609123564,9);

INSERT INTO Avaliação('ID','nota','anoLetivo','aluno','disciplina')
      VALUES(300, 19, '2020/2021',609123564,11);

INSERT INTO Avaliação('ID','nota','anoLetivo','aluno','disciplina')
      VALUES(301,18, '2020/2021',609123564,12);

INSERT INTO Avaliação('ID','nota','anoLetivo','aluno','disciplina')
      VALUES(302,18, '2020/2021',609123564,16);

INSERT INTO Avaliação('ID','nota','anoLetivo','aluno','disciplina')
      VALUES(303,15, '2020/2021',609123564,13);

INSERT INTO Avaliação('ID','nota','anoLetivo','aluno','disciplina')
      VALUES(304, 17, '2020/2021',812654098,2);

INSERT INTO Avaliação('ID','nota','anoLetivo','aluno','disciplina')
      VALUES(305,16, '2020/2021',812654098,5);

INSERT INTO Avaliação('ID','nota','anoLetivo','aluno','disciplina')
      VALUES(306,17, '2020/2021',812654098,9);

INSERT INTO Avaliação('ID','nota','anoLetivo','aluno','disciplina')
      VALUES(307, 16, '2020/2021',812654098,11);

INSERT INTO Avaliação('ID','nota','anoLetivo','aluno','disciplina')
      VALUES(308,18, '2020/2021',812654098,12);

INSERT INTO Avaliação('ID','nota','anoLetivo','aluno','disciplina')
      VALUES(309,16, '2020/2021',812654098,16);

INSERT INTO Avaliação('ID','nota','anoLetivo','aluno','disciplina')
      VALUES(310,17, '2020/2021',812654098,10);

INSERT INTO Avaliação('ID','nota','anoLetivo','aluno','disciplina')
      VALUES(311, 18, '2020/2021',548906543,2);

INSERT INTO Avaliação('ID','nota','anoLetivo','aluno','disciplina')
      VALUES(312,19, '2020/2021',548906543,5);

INSERT INTO Avaliação('ID','nota','anoLetivo','aluno','disciplina')
      VALUES(313,17, '2020/2021',548906543,9);

INSERT INTO Avaliação('ID','nota','anoLetivo','aluno','disciplina')
      VALUES(314, 19, '2020/2021',548906543,11);

INSERT INTO Avaliação('ID','nota','anoLetivo','aluno','disciplina')
      VALUES(315,18, '2020/2021',548906543,12);

INSERT INTO Avaliação('ID','nota','anoLetivo','aluno','disciplina')
      VALUES(316,19, '2020/2021',548906543,16);

INSERT INTO Avaliação('ID','nota','anoLetivo','aluno','disciplina')
      VALUES(317,15, '2020/2021',548906543,13);

INSERT INTO Avaliação('ID','nota','anoLetivo','aluno','disciplina')
      VALUES(318, 19, '2020/2021',435678908,10);

INSERT INTO Avaliação('ID','nota','anoLetivo','aluno','disciplina')
      VALUES(319,19, '2020/2021',435678908,5);

INSERT INTO Avaliação('ID','nota','anoLetivo','aluno','disciplina')
      VALUES(320,18, '2020/2021',435678908,9);

INSERT INTO Avaliação('ID','nota','anoLetivo','aluno','disciplina')
      VALUES(321, 19, '2020/2021',435678908,11);

INSERT INTO Avaliação('ID','nota','anoLetivo','aluno','disciplina')
      VALUES(322,18, '2020/2021',435678908,12);

INSERT INTO Avaliação('ID','nota','anoLetivo','aluno','disciplina')
      VALUES(323,19, '2020/2021',435678908,16);

INSERT INTO Avaliação('ID','nota','anoLetivo','aluno','disciplina')
      VALUES(324,18, '2020/2021',435678908,13);

INSERT INTO Avaliação('ID','nota','anoLetivo','aluno','disciplina')
      VALUES(325, 15, '2020/2021',190876543,10);

INSERT INTO Avaliação('ID','nota','anoLetivo','aluno','disciplina')
      VALUES(326,17, '2020/2021',190876543,5);

INSERT INTO Avaliação('ID','nota','anoLetivo','aluno','disciplina')
      VALUES(327,16, '2020/2021',190876543,9);

INSERT INTO Avaliação('ID','nota','anoLetivo','aluno','disciplina')
      VALUES(328, 16, '2020/2021',190876543,11);

INSERT INTO Avaliação('ID','nota','anoLetivo','aluno','disciplina')
      VALUES(329,18, '2020/2021',190876543,2);

INSERT INTO Avaliação('ID','nota','anoLetivo','aluno','disciplina')
      VALUES(330,14, '2020/2021',190876543,16);

INSERT INTO Avaliação('ID','nota','anoLetivo','aluno','disciplina')
      VALUES(331,17, '2020/2021',190876543,13);

INSERT INTO Avaliação('ID','nota','anoLetivo','aluno','disciplina')
      VALUES(332, 17, '2020/2021',432765987,12);

INSERT INTO Avaliação('ID','nota','anoLetivo','aluno','disciplina')
      VALUES(333,17, '2020/2021',432765987,5);

INSERT INTO Avaliação('ID','nota','anoLetivo','aluno','disciplina')
      VALUES(334,18, '2020/2021',432765987,9);

INSERT INTO Avaliação('ID','nota','anoLetivo','aluno','disciplina')
      VALUES(335, 19, '2020/2021',432765987,11);

INSERT INTO Avaliação('ID','nota','anoLetivo','aluno','disciplina')
      VALUES(336,18, '2020/2021',432765987,2);

INSERT INTO Avaliação('ID','nota','anoLetivo','aluno','disciplina')
      VALUES(337,18, '2020/2021',432765987,16);

INSERT INTO Avaliação('ID','nota','anoLetivo','aluno','disciplina')
      VALUES(338,16, '2020/2021',432765987,13);

INSERT INTO Avaliação('ID','nota','anoLetivo','aluno','disciplina')
      VALUES(339, 7, '2020/2021',218790543,12);

INSERT INTO Avaliação('ID','nota','anoLetivo','aluno','disciplina')
      VALUES(340,13, '2020/2021',218790543,5);

INSERT INTO Avaliação('ID','nota','anoLetivo','aluno','disciplina')
      VALUES(341,8, '2020/2021',218790543,9);

INSERT INTO Avaliação('ID','nota','anoLetivo','aluno','disciplina')
      VALUES(342, 9, '2020/2021',218790543,11);

INSERT INTO Avaliação('ID','nota','anoLetivo','aluno','disciplina')
      VALUES(343,10, '2020/2021',218790543,2);

INSERT INTO Avaliação('ID','nota','anoLetivo','aluno','disciplina')
      VALUES(344,15, '2020/2021',218790543,16);

INSERT INTO Avaliação('ID','nota','anoLetivo','aluno','disciplina')
      VALUES(345,17, '2020/2021',218790543,13);

INSERT INTO Avaliação('ID','nota','anoLetivo','aluno','disciplina')
      VALUES(346,15, '2020/2021',650982134,5);

INSERT INTO Avaliação('ID','nota','anoLetivo','aluno','disciplina')
      VALUES(347, 16, '2020/2021',650982134,10);

INSERT INTO Avaliação('ID','nota','anoLetivo','aluno','disciplina')
      VALUES(348,10, '2020/2021',650982134,2);

INSERT INTO Avaliação('ID','nota','anoLetivo','aluno','disciplina')
      VALUES(349,15, '2020/2021',650982134,12);

INSERT INTO Avaliação('ID','nota','anoLetivo','aluno','disciplina')
      VALUES(350,15, '2020/2021',650982134,13);

INSERT INTO Avaliação('ID','nota','anoLetivo','aluno','disciplina')
      VALUES(351, 16, '2020/2021',390678543,5);

INSERT INTO Avaliação('ID','nota','anoLetivo','aluno','disciplina')
      VALUES(352,19, '2020/2021',390678543,2);

INSERT INTO Avaliação('ID','nota','anoLetivo','aluno','disciplina')
      VALUES(353,17, '2020/2021',390678543,10);

INSERT INTO Avaliação('ID','nota','anoLetivo','aluno','disciplina')
      VALUES(354,8, '2020/2021',390678543,16);

INSERT INTO Avaliação('ID','nota','anoLetivo','aluno','disciplina')
      VALUES(355,16, '2020/2021',509876543,2);

INSERT INTO Avaliação('ID','nota','anoLetivo','aluno','disciplina')
      VALUES(356,17, '2020/2021',509876543,12);

INSERT INTO Avaliação('ID','nota','anoLetivo','aluno','disciplina')
      VALUES(357,16, '2020/2021',509876543,13);

INSERT INTO Avaliação('ID','nota','anoLetivo','aluno','disciplina')
      VALUES(358, 16, '2020/2021',509876543,5);

INSERT INTO Avaliação('ID','nota','anoLetivo','aluno','disciplina')
      VALUES(359,16, '2020/2021',509876543,9);

INSERT INTO Avaliação('ID','nota','anoLetivo','aluno','disciplina')
      VALUES(360,17, '2020/2021',509876543,10);

INSERT INTO Avaliação('ID','nota','anoLetivo','aluno','disciplina')
      VALUES(361,18, '2020/2021',509876543,16);

INSERT INTO Avaliação('ID','nota','anoLetivo','aluno','disciplina')
      VALUES(362,19, '2020/2021',309654123,2);

INSERT INTO Avaliação('ID','nota','anoLetivo','aluno','disciplina')
      VALUES(363,12, '2020/2021',309654123,12);

INSERT INTO Avaliação('ID','nota','anoLetivo','aluno','disciplina')
      VALUES(364,14, '2020/2021',309654123,13);

INSERT INTO Avaliação('ID','nota','anoLetivo','aluno','disciplina')
      VALUES(365, 19, '2020/2021',309654123,10);

INSERT INTO Avaliação('ID','nota','anoLetivo','aluno','disciplina')
      VALUES(366,14, '2020/2021',309654123,9);

INSERT INTO Avaliação('ID','nota','anoLetivo','aluno','disciplina')
      VALUES(367,19, '2020/2021',309654123,11);

INSERT INTO Avaliação('ID','nota','anoLetivo','aluno','disciplina')
      VALUES(368,18, '2020/2021',309654123,16);

INSERT INTO Avaliação('ID','nota','anoLetivo','aluno','disciplina')
      VALUES(369,20, '2020/2021',490876543,5);

INSERT INTO Avaliação('ID','nota','anoLetivo','aluno','disciplina')
      VALUES(370,18, '2020/2021',490876543,12);

INSERT INTO Avaliação('ID','nota','anoLetivo','aluno','disciplina')
      VALUES(371,14, '2020/2021',490876543,13);

INSERT INTO Avaliação('ID','nota','anoLetivo','aluno','disciplina')
      VALUES(372, 20, '2020/2021',490876543,10);

INSERT INTO Avaliação('ID','nota','anoLetivo','aluno','disciplina')
      VALUES(373,20, '2020/2021',490876543,9);

INSERT INTO Avaliação('ID','nota','anoLetivo','aluno','disciplina')
      VALUES(374,20, '2020/2021',490876543,11);

INSERT INTO Avaliação('ID','nota','anoLetivo','aluno','disciplina')
      VALUES(375,20, '2020/2021',490876543,16);

INSERT INTO Avaliação('ID','nota','anoLetivo','aluno','disciplina')
      VALUES(376,10, '2020/2021',609876123,12);

INSERT INTO Avaliação('ID','nota','anoLetivo','aluno','disciplina')
      VALUES(377,16, '2020/2021',609876123,13);

INSERT INTO Avaliação('ID','nota','anoLetivo','aluno','disciplina')
      VALUES(378, 10, '2020/2021',609876123,10);

INSERT INTO Avaliação('ID','nota','anoLetivo','aluno','disciplina')
      VALUES(379,14, '2020/2021',609876123,9);

INSERT INTO Avaliação('ID','nota','anoLetivo','aluno','disciplina')
      VALUES(380,10, '2020/2021',609876123,11);

INSERT INTO Avaliação('ID','nota','anoLetivo','aluno','disciplina')
      VALUES(381,15, '2020/2021',609876123,16);

INSERT INTO Avaliação('ID','nota','anoLetivo','aluno','disciplina')
      VALUES(382,16, '2020/2021',432789654,2);

INSERT INTO Avaliação('ID','nota','anoLetivo','aluno','disciplina')
      VALUES(383,17, '2020/2021',432789654,5);

INSERT INTO Avaliação('ID','nota','anoLetivo','aluno','disciplina')
      VALUES(384,17, '2020/2021',432789654,12);

INSERT INTO Avaliação('ID','nota','anoLetivo','aluno','disciplina')
      VALUES(385,15, '2020/2021',432789654,13);

INSERT INTO Avaliação('ID','nota','anoLetivo','aluno','disciplina')
      VALUES(386, 18, '2020/2021',432789654,10);

INSERT INTO Avaliação('ID','nota','anoLetivo','aluno','disciplina')
      VALUES(387,17, '2020/2021',309876123,9);

INSERT INTO Avaliação('ID','nota','anoLetivo','aluno','disciplina')
      VALUES(388,15, '2020/2021',309876123,12);

INSERT INTO Avaliação('ID','nota','anoLetivo','aluno','disciplina')
      VALUES(389,15, '2020/2021',309876123,11);

INSERT INTO Avaliação('ID','nota','anoLetivo','aluno','disciplina')
      VALUES(390, 18, '2020/2021',309876123,16);